Province/State,Country/Region,Lat,Long,Date,Confirmed,Deaths
Anhui,China,31.8257,117.2264,1/22/20,1,0
Beijing,China,40.1824,116.4142,1/22/20,14,0
Chongqing,China,30.0572,107.874,1/22/20,6,0
Fujian,China,26.0789,117.9874,1/22/20,1,0
Gansu,China,37.8099,101.0583,1/22/20,0,0
Guangdong,China,23.3417,113.4244,1/22/20,26,0
Guangxi,China,23.8298,108.7881,1/22/20,2,0
Guizhou,China,26.8154,106.8748,1/22/20,1,0
Hainan,China,19.1959,109.7453,1/22/20,4,0
Hebei,China,39.549,116.1306,1/22/20,1,0
Heilongjiang,China,47.862,127.7615,1/22/20,0,0
Henan,China,33.882,113.614,1/22/20,5,0
Hong Kong,China,22.3,114.2,1/22/20,0,0
Hubei,China,30.9756,112.2707,1/22/20,444,17
Hunan,China,27.6104,111.7088,1/22/20,4,0
Inner Mongolia,China,44.0935,113.9448,1/22/20,0,0
Jiangsu,China,32.9711,119.455,1/22/20,1,0
Jiangxi,China,27.614,115.7221,1/22/20,2,0
Jilin,China,43.6661,126.1923,1/22/20,0,0
Liaoning,China,41.2956,122.6085,1/22/20,2,0
Macau,China,22.1667,113.55,1/22/20,1,0
Ningxia,China,37.2692,106.1655,1/22/20,1,0
Qinghai,China,35.7452,95.9956,1/22/20,0,0
Shaanxi,China,35.1917,108.8701,1/22/20,0,0
Shandong,China,36.3427,118.1498,1/22/20,2,0
Shanghai,China,31.202,121.4491,1/22/20,9,0
Shanxi,China,37.5777,112.2922,1/22/20,1,0
Sichuan,China,30.6171,102.7103,1/22/20,5,0
Tianjin,China,39.3054,117.323,1/22/20,4,0
Tibet,China,31.6927,88.0924,1/22/20,0,0
Xinjiang,China,41.1129,85.2401,1/22/20,0,0
Yunnan,China,24.974,101.487,1/22/20,1,0
Zhejiang,China,29.1832,120.0934,1/22/20,10,0
Anhui,China,31.8257,117.2264,1/23/20,9,0
Beijing,China,40.1824,116.4142,1/23/20,22,0
Chongqing,China,30.0572,107.874,1/23/20,9,0
Fujian,China,26.0789,117.9874,1/23/20,5,0
Gansu,China,37.8099,101.0583,1/23/20,2,0
Guangdong,China,23.3417,113.4244,1/23/20,32,0
Guangxi,China,23.8298,108.7881,1/23/20,5,0
Guizhou,China,26.8154,106.8748,1/23/20,3,0
Hainan,China,19.1959,109.7453,1/23/20,5,0
Hebei,China,39.549,116.1306,1/23/20,1,1
Heilongjiang,China,47.862,127.7615,1/23/20,2,0
Henan,China,33.882,113.614,1/23/20,5,0
Hong Kong,China,22.3,114.2,1/23/20,2,0
Hubei,China,30.9756,112.2707,1/23/20,444,17
Hunan,China,27.6104,111.7088,1/23/20,9,0
Inner Mongolia,China,44.0935,113.9448,1/23/20,0,0
Jiangsu,China,32.9711,119.455,1/23/20,5,0
Jiangxi,China,27.614,115.7221,1/23/20,7,0
Jilin,China,43.6661,126.1923,1/23/20,1,0
Liaoning,China,41.2956,122.6085,1/23/20,3,0
Macau,China,22.1667,113.55,1/23/20,2,0
Ningxia,China,37.2692,106.1655,1/23/20,1,0
Qinghai,China,35.7452,95.9956,1/23/20,0,0
Shaanxi,China,35.1917,108.8701,1/23/20,3,0
Shandong,China,36.3427,118.1498,1/23/20,6,0
Shanghai,China,31.202,121.4491,1/23/20,16,0
Shanxi,China,37.5777,112.2922,1/23/20,1,0
Sichuan,China,30.6171,102.7103,1/23/20,8,0
Tianjin,China,39.3054,117.323,1/23/20,4,0
Tibet,China,31.6927,88.0924,1/23/20,0,0
Xinjiang,China,41.1129,85.2401,1/23/20,2,0
Yunnan,China,24.974,101.487,1/23/20,2,0
Zhejiang,China,29.1832,120.0934,1/23/20,27,0
Anhui,China,31.8257,117.2264,1/24/20,15,0
Beijing,China,40.1824,116.4142,1/24/20,36,0
Chongqing,China,30.0572,107.874,1/24/20,27,0
Fujian,China,26.0789,117.9874,1/24/20,10,0
Gansu,China,37.8099,101.0583,1/24/20,2,0
Guangdong,China,23.3417,113.4244,1/24/20,53,0
Guangxi,China,23.8298,108.7881,1/24/20,23,0
Guizhou,China,26.8154,106.8748,1/24/20,3,0
Hainan,China,19.1959,109.7453,1/24/20,8,0
Hebei,China,39.549,116.1306,1/24/20,2,1
Heilongjiang,China,47.862,127.7615,1/24/20,4,1
Henan,China,33.882,113.614,1/24/20,9,0
Hong Kong,China,22.3,114.2,1/24/20,2,0
Hubei,China,30.9756,112.2707,1/24/20,549,24
Hunan,China,27.6104,111.7088,1/24/20,24,0
Inner Mongolia,China,44.0935,113.9448,1/24/20,1,0
Jiangsu,China,32.9711,119.455,1/24/20,9,0
Jiangxi,China,27.614,115.7221,1/24/20,18,0
Jilin,China,43.6661,126.1923,1/24/20,3,0
Liaoning,China,41.2956,122.6085,1/24/20,4,0
Macau,China,22.1667,113.55,1/24/20,2,0
Ningxia,China,37.2692,106.1655,1/24/20,2,0
Qinghai,China,35.7452,95.9956,1/24/20,0,0
Shaanxi,China,35.1917,108.8701,1/24/20,5,0
Shandong,China,36.3427,118.1498,1/24/20,15,0
Shanghai,China,31.202,121.4491,1/24/20,20,0
Shanxi,China,37.5777,112.2922,1/24/20,1,0
Sichuan,China,30.6171,102.7103,1/24/20,15,0
Tianjin,China,39.3054,117.323,1/24/20,8,0
Tibet,China,31.6927,88.0924,1/24/20,0,0
Xinjiang,China,41.1129,85.2401,1/24/20,2,0
Yunnan,China,24.974,101.487,1/24/20,5,0
Zhejiang,China,29.1832,120.0934,1/24/20,43,0
Anhui,China,31.8257,117.2264,1/25/20,39,0
Beijing,China,40.1824,116.4142,1/25/20,41,0
Chongqing,China,30.0572,107.874,1/25/20,57,0
Fujian,China,26.0789,117.9874,1/25/20,18,0
Gansu,China,37.8099,101.0583,1/25/20,4,0
Guangdong,China,23.3417,113.4244,1/25/20,78,0
Guangxi,China,23.8298,108.7881,1/25/20,23,0
Guizhou,China,26.8154,106.8748,1/25/20,4,0
Hainan,China,19.1959,109.7453,1/25/20,19,0
Hebei,China,39.549,116.1306,1/25/20,8,1
Heilongjiang,China,47.862,127.7615,1/25/20,9,1
Henan,China,33.882,113.614,1/25/20,32,0
Hong Kong,China,22.3,114.2,1/25/20,5,0
Hubei,China,30.9756,112.2707,1/25/20,761,40
Hunan,China,27.6104,111.7088,1/25/20,43,0
Inner Mongolia,China,44.0935,113.9448,1/25/20,7,0
Jiangsu,China,32.9711,119.455,1/25/20,18,0
Jiangxi,China,27.614,115.7221,1/25/20,18,0
Jilin,China,43.6661,126.1923,1/25/20,4,0
Liaoning,China,41.2956,122.6085,1/25/20,17,0
Macau,China,22.1667,113.55,1/25/20,2,0
Ningxia,China,37.2692,106.1655,1/25/20,3,0
Qinghai,China,35.7452,95.9956,1/25/20,1,0
Shaanxi,China,35.1917,108.8701,1/25/20,15,0
Shandong,China,36.3427,118.1498,1/25/20,27,0
Shanghai,China,31.202,121.4491,1/25/20,33,0
Shanxi,China,37.5777,112.2922,1/25/20,6,0
Sichuan,China,30.6171,102.7103,1/25/20,28,0
Tianjin,China,39.3054,117.323,1/25/20,10,0
Tibet,China,31.6927,88.0924,1/25/20,0,0
Xinjiang,China,41.1129,85.2401,1/25/20,3,0
Yunnan,China,24.974,101.487,1/25/20,11,0
Zhejiang,China,29.1832,120.0934,1/25/20,62,0
Anhui,China,31.8257,117.2264,1/26/20,60,0
Beijing,China,40.1824,116.4142,1/26/20,68,0
Chongqing,China,30.0572,107.874,1/26/20,75,0
Fujian,China,26.0789,117.9874,1/26/20,35,0
Gansu,China,37.8099,101.0583,1/26/20,7,0
Guangdong,China,23.3417,113.4244,1/26/20,111,0
Guangxi,China,23.8298,108.7881,1/26/20,36,0
Guizhou,China,26.8154,106.8748,1/26/20,5,0
Hainan,China,19.1959,109.7453,1/26/20,22,0
Hebei,China,39.549,116.1306,1/26/20,13,1
Heilongjiang,China,47.862,127.7615,1/26/20,15,1
Henan,China,33.882,113.614,1/26/20,83,1
Hong Kong,China,22.3,114.2,1/26/20,8,0
Hubei,China,30.9756,112.2707,1/26/20,1058,52
Hunan,China,27.6104,111.7088,1/26/20,69,0
Inner Mongolia,China,44.0935,113.9448,1/26/20,7,0
Jiangsu,China,32.9711,119.455,1/26/20,33,0
Jiangxi,China,27.614,115.7221,1/26/20,36,0
Jilin,China,43.6661,126.1923,1/26/20,4,0
Liaoning,China,41.2956,122.6085,1/26/20,21,0
Macau,China,22.1667,113.55,1/26/20,5,0
Ningxia,China,37.2692,106.1655,1/26/20,4,0
Qinghai,China,35.7452,95.9956,1/26/20,1,0
Shaanxi,China,35.1917,108.8701,1/26/20,22,0
Shandong,China,36.3427,118.1498,1/26/20,46,0
Shanghai,China,31.202,121.4491,1/26/20,40,1
Shanxi,China,37.5777,112.2922,1/26/20,9,0
Sichuan,China,30.6171,102.7103,1/26/20,44,0
Tianjin,China,39.3054,117.323,1/26/20,14,0
Tibet,China,31.6927,88.0924,1/26/20,0,0
Xinjiang,China,41.1129,85.2401,1/26/20,4,0
Yunnan,China,24.974,101.487,1/26/20,16,0
Zhejiang,China,29.1832,120.0934,1/26/20,104,0
Anhui,China,31.8257,117.2264,1/27/20,70,0
Beijing,China,40.1824,116.4142,1/27/20,80,1
Chongqing,China,30.0572,107.874,1/27/20,110,0
Fujian,China,26.0789,117.9874,1/27/20,59,0
Gansu,China,37.8099,101.0583,1/27/20,14,0
Guangdong,China,23.3417,113.4244,1/27/20,151,0
Guangxi,China,23.8298,108.7881,1/27/20,46,0
Guizhou,China,26.8154,106.8748,1/27/20,7,0
Hainan,China,19.1959,109.7453,1/27/20,33,1
Hebei,China,39.549,116.1306,1/27/20,18,1
Heilongjiang,China,47.862,127.7615,1/27/20,21,1
Henan,China,33.882,113.614,1/27/20,128,1
Hong Kong,China,22.3,114.2,1/27/20,8,0
Hubei,China,30.9756,112.2707,1/27/20,1423,76
Hunan,China,27.6104,111.7088,1/27/20,100,0
Inner Mongolia,China,44.0935,113.9448,1/27/20,11,0
Jiangsu,China,32.9711,119.455,1/27/20,47,0
Jiangxi,China,27.614,115.7221,1/27/20,72,0
Jilin,China,43.6661,126.1923,1/27/20,6,0
Liaoning,China,41.2956,122.6085,1/27/20,27,0
Macau,China,22.1667,113.55,1/27/20,6,0
Ningxia,China,37.2692,106.1655,1/27/20,7,0
Qinghai,China,35.7452,95.9956,1/27/20,6,0
Shaanxi,China,35.1917,108.8701,1/27/20,35,0
Shandong,China,36.3427,118.1498,1/27/20,75,0
Shanghai,China,31.202,121.4491,1/27/20,53,1
Shanxi,China,37.5777,112.2922,1/27/20,13,0
Sichuan,China,30.6171,102.7103,1/27/20,69,0
Tianjin,China,39.3054,117.323,1/27/20,23,0
Tibet,China,31.6927,88.0924,1/27/20,0,0
Xinjiang,China,41.1129,85.2401,1/27/20,5,0
Yunnan,China,24.974,101.487,1/27/20,26,0
Zhejiang,China,29.1832,120.0934,1/27/20,128,0
Anhui,China,31.8257,117.2264,1/28/20,106,0
Beijing,China,40.1824,116.4142,1/28/20,91,1
Chongqing,China,30.0572,107.874,1/28/20,132,0
Fujian,China,26.0789,117.9874,1/28/20,80,0
Gansu,China,37.8099,101.0583,1/28/20,19,0
Guangdong,China,23.3417,113.4244,1/28/20,207,0
Guangxi,China,23.8298,108.7881,1/28/20,51,0
Guizhou,China,26.8154,106.8748,1/28/20,9,0
Hainan,China,19.1959,109.7453,1/28/20,40,1
Hebei,China,39.549,116.1306,1/28/20,33,1
Heilongjiang,China,47.862,127.7615,1/28/20,33,1
Henan,China,33.882,113.614,1/28/20,168,1
Hong Kong,China,22.3,114.2,1/28/20,8,0
Hubei,China,30.9756,112.2707,1/28/20,3554,125
Hunan,China,27.6104,111.7088,1/28/20,143,0
Inner Mongolia,China,44.0935,113.9448,1/28/20,15,0
Jiangsu,China,32.9711,119.455,1/28/20,70,0
Jiangxi,China,27.614,115.7221,1/28/20,109,0
Jilin,China,43.6661,126.1923,1/28/20,8,0
Liaoning,China,41.2956,122.6085,1/28/20,34,0
Macau,China,22.1667,113.55,1/28/20,7,0
Ningxia,China,37.2692,106.1655,1/28/20,11,0
Qinghai,China,35.7452,95.9956,1/28/20,6,0
Shaanxi,China,35.1917,108.8701,1/28/20,46,0
Shandong,China,36.3427,118.1498,1/28/20,95,0
Shanghai,China,31.202,121.4491,1/28/20,66,1
Shanxi,China,37.5777,112.2922,1/28/20,27,0
Sichuan,China,30.6171,102.7103,1/28/20,90,0
Tianjin,China,39.3054,117.323,1/28/20,24,0
Tibet,China,31.6927,88.0924,1/28/20,0,0
Xinjiang,China,41.1129,85.2401,1/28/20,10,0
Yunnan,China,24.974,101.487,1/28/20,44,0
Zhejiang,China,29.1832,120.0934,1/28/20,173,0
Anhui,China,31.8257,117.2264,1/29/20,152,0
Beijing,China,40.1824,116.4142,1/29/20,111,1
Chongqing,China,30.0572,107.874,1/29/20,147,0
Fujian,China,26.0789,117.9874,1/29/20,84,0
Gansu,China,37.8099,101.0583,1/29/20,24,0
Guangdong,China,23.3417,113.4244,1/29/20,277,0
Guangxi,China,23.8298,108.7881,1/29/20,58,0
Guizhou,China,26.8154,106.8748,1/29/20,9,0
Hainan,China,19.1959,109.7453,1/29/20,43,1
Hebei,China,39.549,116.1306,1/29/20,48,1
Heilongjiang,China,47.862,127.7615,1/29/20,38,1
Henan,China,33.882,113.614,1/29/20,206,2
Hong Kong,China,22.3,114.2,1/29/20,10,0
Hubei,China,30.9756,112.2707,1/29/20,3554,125
Hunan,China,27.6104,111.7088,1/29/20,221,0
Inner Mongolia,China,44.0935,113.9448,1/29/20,16,0
Jiangsu,China,32.9711,119.455,1/29/20,99,0
Jiangxi,China,27.614,115.7221,1/29/20,109,0
Jilin,China,43.6661,126.1923,1/29/20,9,0
Liaoning,China,41.2956,122.6085,1/29/20,39,0
Macau,China,22.1667,113.55,1/29/20,7,0
Ningxia,China,37.2692,106.1655,1/29/20,12,0
Qinghai,China,35.7452,95.9956,1/29/20,6,0
Shaanxi,China,35.1917,108.8701,1/29/20,56,0
Shandong,China,36.3427,118.1498,1/29/20,130,0
Shanghai,China,31.202,121.4491,1/29/20,96,1
Shanxi,China,37.5777,112.2922,1/29/20,27,0
Sichuan,China,30.6171,102.7103,1/29/20,108,1
Tianjin,China,39.3054,117.323,1/29/20,27,0
Tibet,China,31.6927,88.0924,1/29/20,0,0
Xinjiang,China,41.1129,85.2401,1/29/20,13,0
Yunnan,China,24.974,101.487,1/29/20,55,0
Zhejiang,China,29.1832,120.0934,1/29/20,296,0
Anhui,China,31.8257,117.2264,1/30/20,200,0
Beijing,China,40.1824,116.4142,1/30/20,114,1
Chongqing,China,30.0572,107.874,1/30/20,182,0
Fujian,China,26.0789,117.9874,1/30/20,101,0
Gansu,China,37.8099,101.0583,1/30/20,26,0
Guangdong,China,23.3417,113.4244,1/30/20,354,0
Guangxi,China,23.8298,108.7881,1/30/20,78,0
Guizhou,China,26.8154,106.8748,1/30/20,12,0
Hainan,China,19.1959,109.7453,1/30/20,46,1
Hebei,China,39.549,116.1306,1/30/20,65,1
Heilongjiang,China,47.862,127.7615,1/30/20,44,2
Henan,China,33.882,113.614,1/30/20,278,2
Hong Kong,China,22.3,114.2,1/30/20,10,0
Hubei,China,30.9756,112.2707,1/30/20,4903,162
Hunan,China,27.6104,111.7088,1/30/20,277,0
Inner Mongolia,China,44.0935,113.9448,1/30/20,19,0
Jiangsu,China,32.9711,119.455,1/30/20,129,0
Jiangxi,China,27.614,115.7221,1/30/20,162,0
Jilin,China,43.6661,126.1923,1/30/20,14,0
Liaoning,China,41.2956,122.6085,1/30/20,41,0
Macau,China,22.1667,113.55,1/30/20,7,0
Ningxia,China,37.2692,106.1655,1/30/20,17,0
Qinghai,China,35.7452,95.9956,1/30/20,8,0
Shaanxi,China,35.1917,108.8701,1/30/20,63,0
Shandong,China,36.3427,118.1498,1/30/20,158,0
Shanghai,China,31.202,121.4491,1/30/20,112,1
Shanxi,China,37.5777,112.2922,1/30/20,35,0
Sichuan,China,30.6171,102.7103,1/30/20,142,1
Tianjin,China,39.3054,117.323,1/30/20,31,0
Tibet,China,31.6927,88.0924,1/30/20,1,0
Xinjiang,China,41.1129,85.2401,1/30/20,14,0
Yunnan,China,24.974,101.487,1/30/20,70,0
Zhejiang,China,29.1832,120.0934,1/30/20,428,0
Anhui,China,31.8257,117.2264,1/31/20,237,0
Beijing,China,40.1824,116.4142,1/31/20,139,1
Chongqing,China,30.0572,107.874,1/31/20,211,0
Fujian,China,26.0789,117.9874,1/31/20,120,0
Gansu,China,37.8099,101.0583,1/31/20,29,0
Guangdong,China,23.3417,113.4244,1/31/20,436,0
Guangxi,China,23.8298,108.7881,1/31/20,87,0
Guizhou,China,26.8154,106.8748,1/31/20,29,0
Hainan,China,19.1959,109.7453,1/31/20,52,1
Hebei,China,39.549,116.1306,1/31/20,82,1
Heilongjiang,China,47.862,127.7615,1/31/20,59,2
Henan,China,33.882,113.614,1/31/20,352,2
Hong Kong,China,22.3,114.2,1/31/20,12,0
Hubei,China,30.9756,112.2707,1/31/20,5806,204
Hunan,China,27.6104,111.7088,1/31/20,332,0
Inner Mongolia,China,44.0935,113.9448,1/31/20,20,0
Jiangsu,China,32.9711,119.455,1/31/20,168,0
Jiangxi,China,27.614,115.7221,1/31/20,240,0
Jilin,China,43.6661,126.1923,1/31/20,14,0
Liaoning,China,41.2956,122.6085,1/31/20,48,0
Macau,China,22.1667,113.55,1/31/20,7,0
Ningxia,China,37.2692,106.1655,1/31/20,21,0
Qinghai,China,35.7452,95.9956,1/31/20,8,0
Shaanxi,China,35.1917,108.8701,1/31/20,87,0
Shandong,China,36.3427,118.1498,1/31/20,184,0
Shanghai,China,31.202,121.4491,1/31/20,135,1
Shanxi,China,37.5777,112.2922,1/31/20,39,0
Sichuan,China,30.6171,102.7103,1/31/20,177,1
Tianjin,China,39.3054,117.323,1/31/20,32,0
Tibet,China,31.6927,88.0924,1/31/20,1,0
Xinjiang,China,41.1129,85.2401,1/31/20,17,0
Yunnan,China,24.974,101.487,1/31/20,83,0
Zhejiang,China,29.1832,120.0934,1/31/20,538,0
Anhui,China,31.8257,117.2264,2/1/20,297,0
Beijing,China,40.1824,116.4142,2/1/20,168,1
Chongqing,China,30.0572,107.874,2/1/20,247,1
Fujian,China,26.0789,117.9874,2/1/20,144,0
Gansu,China,37.8099,101.0583,2/1/20,40,0
Guangdong,China,23.3417,113.4244,2/1/20,535,0
Guangxi,China,23.8298,108.7881,2/1/20,100,0
Guizhou,China,26.8154,106.8748,2/1/20,29,0
Hainan,China,19.1959,109.7453,2/1/20,62,1
Hebei,China,39.549,116.1306,2/1/20,96,1
Heilongjiang,China,47.862,127.7615,2/1/20,80,2
Henan,China,33.882,113.614,2/1/20,422,2
Hong Kong,China,22.3,114.2,2/1/20,13,0
Hubei,China,30.9756,112.2707,2/1/20,7153,249
Hunan,China,27.6104,111.7088,2/1/20,389,0
Inner Mongolia,China,44.0935,113.9448,2/1/20,23,0
Jiangsu,China,32.9711,119.455,2/1/20,202,0
Jiangxi,China,27.614,115.7221,2/1/20,286,0
Jilin,China,43.6661,126.1923,2/1/20,17,0
Liaoning,China,41.2956,122.6085,2/1/20,64,0
Macau,China,22.1667,113.55,2/1/20,7,0
Ningxia,China,37.2692,106.1655,2/1/20,26,0
Qinghai,China,35.7452,95.9956,2/1/20,9,0
Shaanxi,China,35.1917,108.8701,2/1/20,101,0
Shandong,China,36.3427,118.1498,2/1/20,206,0
Shanghai,China,31.202,121.4491,2/1/20,169,1
Shanxi,China,37.5777,112.2922,2/1/20,47,0
Sichuan,China,30.6171,102.7103,2/1/20,207,1
Tianjin,China,39.3054,117.323,2/1/20,41,0
Tibet,China,31.6927,88.0924,2/1/20,1,0
Xinjiang,China,41.1129,85.2401,2/1/20,18,0
Yunnan,China,24.974,101.487,2/1/20,93,0
Zhejiang,China,29.1832,120.0934,2/1/20,599,0
Anhui,China,31.8257,117.2264,2/2/20,340,0
Beijing,China,40.1824,116.4142,2/2/20,191,1
Chongqing,China,30.0572,107.874,2/2/20,300,2
Fujian,China,26.0789,117.9874,2/2/20,159,0
Gansu,China,37.8099,101.0583,2/2/20,51,0
Guangdong,China,23.3417,113.4244,2/2/20,632,0
Guangxi,China,23.8298,108.7881,2/2/20,111,0
Guizhou,China,26.8154,106.8748,2/2/20,38,0
Hainan,China,19.1959,109.7453,2/2/20,64,1
Hebei,China,39.549,116.1306,2/2/20,104,1
Heilongjiang,China,47.862,127.7615,2/2/20,95,2
Henan,China,33.882,113.614,2/2/20,493,2
Hong Kong,China,22.3,114.2,2/2/20,15,0
Hubei,China,30.9756,112.2707,2/2/20,11177,350
Hunan,China,27.6104,111.7088,2/2/20,463,0
Inner Mongolia,China,44.0935,113.9448,2/2/20,27,0
Jiangsu,China,32.9711,119.455,2/2/20,236,0
Jiangxi,China,27.614,115.7221,2/2/20,333,0
Jilin,China,43.6661,126.1923,2/2/20,23,0
Liaoning,China,41.2956,122.6085,2/2/20,70,0
Macau,China,22.1667,113.55,2/2/20,8,0
Ningxia,China,37.2692,106.1655,2/2/20,28,0
Qinghai,China,35.7452,95.9956,2/2/20,11,0
Shaanxi,China,35.1917,108.8701,2/2/20,116,0
Shandong,China,36.3427,118.1498,2/2/20,230,0
Shanghai,China,31.202,121.4491,2/2/20,182,1
Shanxi,China,37.5777,112.2922,2/2/20,66,0
Sichuan,China,30.6171,102.7103,2/2/20,231,1
Tianjin,China,39.3054,117.323,2/2/20,48,0
Tibet,China,31.6927,88.0924,2/2/20,1,0
Xinjiang,China,41.1129,85.2401,2/2/20,21,0
Yunnan,China,24.974,101.487,2/2/20,105,0
Zhejiang,China,29.1832,120.0934,2/2/20,661,0
Anhui,China,31.8257,117.2264,2/3/20,408,0
Beijing,China,40.1824,116.4142,2/3/20,212,1
Chongqing,China,30.0572,107.874,2/3/20,337,2
Fujian,China,26.0789,117.9874,2/3/20,179,0
Gansu,China,37.8099,101.0583,2/3/20,55,0
Guangdong,China,23.3417,113.4244,2/3/20,725,0
Guangxi,China,23.8298,108.7881,2/3/20,127,0
Guizhou,China,26.8154,106.8748,2/3/20,46,0
Hainan,China,19.1959,109.7453,2/3/20,72,1
Hebei,China,39.549,116.1306,2/3/20,113,1
Heilongjiang,China,47.862,127.7615,2/3/20,121,2
Henan,China,33.882,113.614,2/3/20,566,2
Hong Kong,China,22.3,114.2,2/3/20,15,0
Hubei,China,30.9756,112.2707,2/3/20,13522,414
Hunan,China,27.6104,111.7088,2/3/20,521,0
Inner Mongolia,China,44.0935,113.9448,2/3/20,34,0
Jiangsu,China,32.9711,119.455,2/3/20,271,0
Jiangxi,China,27.614,115.7221,2/3/20,391,0
Jilin,China,43.6661,126.1923,2/3/20,31,0
Liaoning,China,41.2956,122.6085,2/3/20,74,0
Macau,China,22.1667,113.55,2/3/20,8,0
Ningxia,China,37.2692,106.1655,2/3/20,31,0
Qinghai,China,35.7452,95.9956,2/3/20,13,0
Shaanxi,China,35.1917,108.8701,2/3/20,128,0
Shandong,China,36.3427,118.1498,2/3/20,259,0
Shanghai,China,31.202,121.4491,2/3/20,203,1
Shanxi,China,37.5777,112.2922,2/3/20,74,0
Sichuan,China,30.6171,102.7103,2/3/20,254,1
Tianjin,China,39.3054,117.323,2/3/20,60,0
Tibet,China,31.6927,88.0924,2/3/20,1,0
Xinjiang,China,41.1129,85.2401,2/3/20,24,0
Yunnan,China,24.974,101.487,2/3/20,117,0
Zhejiang,China,29.1832,120.0934,2/3/20,724,0
Anhui,China,31.8257,117.2264,2/4/20,480,0
Beijing,China,40.1824,116.4142,2/4/20,228,1
Chongqing,China,30.0572,107.874,2/4/20,366,2
Fujian,China,26.0789,117.9874,2/4/20,194,0
Gansu,China,37.8099,101.0583,2/4/20,57,0
Guangdong,China,23.3417,113.4244,2/4/20,813,0
Guangxi,China,23.8298,108.7881,2/4/20,139,0
Guizhou,China,26.8154,106.8748,2/4/20,58,0
Hainan,China,19.1959,109.7453,2/4/20,80,1
Hebei,China,39.549,116.1306,2/4/20,126,1
Heilongjiang,China,47.862,127.7615,2/4/20,155,2
Henan,China,33.882,113.614,2/4/20,675,2
Hong Kong,China,22.3,114.2,2/4/20,17,1
Hubei,China,30.9756,112.2707,2/4/20,16678,479
Hunan,China,27.6104,111.7088,2/4/20,593,0
Inner Mongolia,China,44.0935,113.9448,2/4/20,35,0
Jiangsu,China,32.9711,119.455,2/4/20,308,0
Jiangxi,China,27.614,115.7221,2/4/20,476,0
Jilin,China,43.6661,126.1923,2/4/20,42,0
Liaoning,China,41.2956,122.6085,2/4/20,81,0
Macau,China,22.1667,113.55,2/4/20,10,0
Ningxia,China,37.2692,106.1655,2/4/20,34,0
Qinghai,China,35.7452,95.9956,2/4/20,15,0
Shaanxi,China,35.1917,108.8701,2/4/20,142,0
Shandong,China,36.3427,118.1498,2/4/20,275,0
Shanghai,China,31.202,121.4491,2/4/20,219,1
Shanxi,China,37.5777,112.2922,2/4/20,81,0
Sichuan,China,30.6171,102.7103,2/4/20,282,1
Tianjin,China,39.3054,117.323,2/4/20,67,0
Tibet,China,31.6927,88.0924,2/4/20,1,0
Xinjiang,China,41.1129,85.2401,2/4/20,29,0
Yunnan,China,24.974,101.487,2/4/20,122,0
Zhejiang,China,29.1832,120.0934,2/4/20,829,0
Anhui,China,31.8257,117.2264,2/5/20,530,0
Beijing,China,40.1824,116.4142,2/5/20,253,1
Chongqing,China,30.0572,107.874,2/5/20,389,2
Fujian,China,26.0789,117.9874,2/5/20,205,0
Gansu,China,37.8099,101.0583,2/5/20,62,0
Guangdong,China,23.3417,113.4244,2/5/20,895,0
Guangxi,China,23.8298,108.7881,2/5/20,150,0
Guizhou,China,26.8154,106.8748,2/5/20,64,1
Hainan,China,19.1959,109.7453,2/5/20,99,1
Hebei,China,39.549,116.1306,2/5/20,135,1
Heilongjiang,China,47.862,127.7615,2/5/20,190,2
Henan,China,33.882,113.614,2/5/20,764,2
Hong Kong,China,22.3,114.2,2/5/20,21,1
Hubei,China,30.9756,112.2707,2/5/20,19665,549
Hunan,China,27.6104,111.7088,2/5/20,661,0
Inner Mongolia,China,44.0935,113.9448,2/5/20,42,0
Jiangsu,China,32.9711,119.455,2/5/20,341,0
Jiangxi,China,27.614,115.7221,2/5/20,548,0
Jilin,China,43.6661,126.1923,2/5/20,54,0
Liaoning,China,41.2956,122.6085,2/5/20,89,0
Macau,China,22.1667,113.55,2/5/20,10,0
Ningxia,China,37.2692,106.1655,2/5/20,34,0
Qinghai,China,35.7452,95.9956,2/5/20,17,0
Shaanxi,China,35.1917,108.8701,2/5/20,165,0
Shandong,China,36.3427,118.1498,2/5/20,307,0
Shanghai,China,31.202,121.4491,2/5/20,243,1
Shanxi,China,37.5777,112.2922,2/5/20,81,0
Sichuan,China,30.6171,102.7103,2/5/20,301,1
Tianjin,China,39.3054,117.323,2/5/20,69,1
Tibet,China,31.6927,88.0924,2/5/20,1,0
Xinjiang,China,41.1129,85.2401,2/5/20,32,0
Yunnan,China,24.974,101.487,2/5/20,128,0
Zhejiang,China,29.1832,120.0934,2/5/20,895,0
Anhui,China,31.8257,117.2264,2/6/20,591,0
Beijing,China,40.1824,116.4142,2/6/20,274,1
Chongqing,China,30.0572,107.874,2/6/20,411,2
Fujian,China,26.0789,117.9874,2/6/20,215,0
Gansu,China,37.8099,101.0583,2/6/20,62,0
Guangdong,China,23.3417,113.4244,2/6/20,970,0
Guangxi,China,23.8298,108.7881,2/6/20,168,0
Guizhou,China,26.8154,106.8748,2/6/20,71,1
Hainan,China,19.1959,109.7453,2/6/20,106,1
Hebei,China,39.549,116.1306,2/6/20,157,1
Heilongjiang,China,47.862,127.7615,2/6/20,227,3
Henan,China,33.882,113.614,2/6/20,851,2
Hong Kong,China,22.3,114.2,2/6/20,24,1
Hubei,China,30.9756,112.2707,2/6/20,22112,618
Hunan,China,27.6104,111.7088,2/6/20,711,0
Inner Mongolia,China,44.0935,113.9448,2/6/20,46,0
Jiangsu,China,32.9711,119.455,2/6/20,373,0
Jiangxi,China,27.614,115.7221,2/6/20,600,0
Jilin,China,43.6661,126.1923,2/6/20,59,0
Liaoning,China,41.2956,122.6085,2/6/20,94,0
Macau,China,22.1667,113.55,2/6/20,10,0
Ningxia,China,37.2692,106.1655,2/6/20,40,0
Qinghai,China,35.7452,95.9956,2/6/20,18,0
Shaanxi,China,35.1917,108.8701,2/6/20,173,0
Shandong,China,36.3427,118.1498,2/6/20,347,0
Shanghai,China,31.202,121.4491,2/6/20,257,1
Shanxi,China,37.5777,112.2922,2/6/20,96,0
Sichuan,China,30.6171,102.7103,2/6/20,321,1
Tianjin,China,39.3054,117.323,2/6/20,79,1
Tibet,China,31.6927,88.0924,2/6/20,1,0
Xinjiang,China,41.1129,85.2401,2/6/20,36,0
Yunnan,China,24.974,101.487,2/6/20,133,0
Zhejiang,China,29.1832,120.0934,2/6/20,954,0
Anhui,China,31.8257,117.2264,2/7/20,665,0
Beijing,China,40.1824,116.4142,2/7/20,297,1
Chongqing,China,30.0572,107.874,2/7/20,426,2
Fujian,China,26.0789,117.9874,2/7/20,224,0
Gansu,China,37.8099,101.0583,2/7/20,67,0
Guangdong,China,23.3417,113.4244,2/7/20,1034,1
Guangxi,China,23.8298,108.7881,2/7/20,172,0
Guizhou,China,26.8154,106.8748,2/7/20,81,1
Hainan,China,19.1959,109.7453,2/7/20,117,2
Hebei,China,39.549,116.1306,2/7/20,172,1
Heilongjiang,China,47.862,127.7615,2/7/20,277,3
Henan,China,33.882,113.614,2/7/20,914,3
Hong Kong,China,22.3,114.2,2/7/20,25,1
Hubei,China,30.9756,112.2707,2/7/20,24953,699
Hunan,China,27.6104,111.7088,2/7/20,772,0
Inner Mongolia,China,44.0935,113.9448,2/7/20,50,0
Jiangsu,China,32.9711,119.455,2/7/20,408,0
Jiangxi,China,27.614,115.7221,2/7/20,661,0
Jilin,China,43.6661,126.1923,2/7/20,65,1
Liaoning,China,41.2956,122.6085,2/7/20,99,0
Macau,China,22.1667,113.55,2/7/20,10,0
Ningxia,China,37.2692,106.1655,2/7/20,43,0
Qinghai,China,35.7452,95.9956,2/7/20,18,0
Shaanxi,China,35.1917,108.8701,2/7/20,184,0
Shandong,China,36.3427,118.1498,2/7/20,386,0
Shanghai,China,31.202,121.4491,2/7/20,277,1
Shanxi,China,37.5777,112.2922,2/7/20,104,0
Sichuan,China,30.6171,102.7103,2/7/20,344,1
Tianjin,China,39.3054,117.323,2/7/20,81,1
Tibet,China,31.6927,88.0924,2/7/20,1,0
Xinjiang,China,41.1129,85.2401,2/7/20,39,0
Yunnan,China,24.974,101.487,2/7/20,138,0
Zhejiang,China,29.1832,120.0934,2/7/20,1006,0
Anhui,China,31.8257,117.2264,2/8/20,733,0
Beijing,China,40.1824,116.4142,2/8/20,315,2
Chongqing,China,30.0572,107.874,2/8/20,428,2
Fujian,China,26.0789,117.9874,2/8/20,239,0
Gansu,China,37.8099,101.0583,2/8/20,79,1
Guangdong,China,23.3417,113.4244,2/8/20,1095,1
Guangxi,China,23.8298,108.7881,2/8/20,183,0
Guizhou,China,26.8154,106.8748,2/8/20,89,1
Hainan,China,19.1959,109.7453,2/8/20,124,2
Hebei,China,39.549,116.1306,2/8/20,195,1
Heilongjiang,China,47.862,127.7615,2/8/20,295,5
Henan,China,33.882,113.614,2/8/20,981,4
Hong Kong,China,22.3,114.2,2/8/20,26,1
Hubei,China,30.9756,112.2707,2/8/20,27100,780
Hunan,China,27.6104,111.7088,2/8/20,803,1
Inner Mongolia,China,44.0935,113.9448,2/8/20,52,0
Jiangsu,China,32.9711,119.455,2/8/20,439,0
Jiangxi,China,27.614,115.7221,2/8/20,698,0
Jilin,China,43.6661,126.1923,2/8/20,69,1
Liaoning,China,41.2956,122.6085,2/8/20,105,0
Macau,China,22.1667,113.55,2/8/20,10,0
Ningxia,China,37.2692,106.1655,2/8/20,45,0
Qinghai,China,35.7452,95.9956,2/8/20,18,0
Shaanxi,China,35.1917,108.8701,2/8/20,195,0
Shandong,China,36.3427,118.1498,2/8/20,416,0
Shanghai,China,31.202,121.4491,2/8/20,286,1
Shanxi,China,37.5777,112.2922,2/8/20,115,0
Sichuan,China,30.6171,102.7103,2/8/20,364,1
Tianjin,China,39.3054,117.323,2/8/20,88,1
Tibet,China,31.6927,88.0924,2/8/20,1,0
Xinjiang,China,41.1129,85.2401,2/8/20,42,0
Yunnan,China,24.974,101.487,2/8/20,138,0
Zhejiang,China,29.1832,120.0934,2/8/20,1048,0
Anhui,China,31.8257,117.2264,2/9/20,779,1
Beijing,China,40.1824,116.4142,2/9/20,326,2
Chongqing,China,30.0572,107.874,2/9/20,468,2
Fujian,China,26.0789,117.9874,2/9/20,250,0
Gansu,China,37.8099,101.0583,2/9/20,83,2
Guangdong,China,23.3417,113.4244,2/9/20,1131,1
Guangxi,China,23.8298,108.7881,2/9/20,195,1
Guizhou,China,26.8154,106.8748,2/9/20,99,1
Hainan,China,19.1959,109.7453,2/9/20,131,3
Hebei,China,39.549,116.1306,2/9/20,206,2
Heilongjiang,China,47.862,127.7615,2/9/20,307,6
Henan,China,33.882,113.614,2/9/20,1033,6
Hong Kong,China,22.3,114.2,2/9/20,29,1
Hubei,China,30.9756,112.2707,2/9/20,29631,871
Hunan,China,27.6104,111.7088,2/9/20,838,1
Inner Mongolia,China,44.0935,113.9448,2/9/20,54,0
Jiangsu,China,32.9711,119.455,2/9/20,468,0
Jiangxi,China,27.614,115.7221,2/9/20,740,0
Jilin,China,43.6661,126.1923,2/9/20,78,1
Liaoning,China,41.2956,122.6085,2/9/20,107,0
Macau,China,22.1667,113.55,2/9/20,10,0
Ningxia,China,37.2692,106.1655,2/9/20,45,0
Qinghai,China,35.7452,95.9956,2/9/20,18,0
Shaanxi,China,35.1917,108.8701,2/9/20,208,0
Shandong,China,36.3427,118.1498,2/9/20,444,1
Shanghai,China,31.202,121.4491,2/9/20,293,1
Shanxi,China,37.5777,112.2922,2/9/20,119,0
Sichuan,China,30.6171,102.7103,2/9/20,386,1
Tianjin,China,39.3054,117.323,2/9/20,91,1
Tibet,China,31.6927,88.0924,2/9/20,1,0
Xinjiang,China,41.1129,85.2401,2/9/20,45,0
Yunnan,China,24.974,101.487,2/9/20,141,0
Zhejiang,China,29.1832,120.0934,2/9/20,1075,0
Anhui,China,31.8257,117.2264,2/10/20,830,3
Beijing,China,40.1824,116.4142,2/10/20,337,2
Chongqing,China,30.0572,107.874,2/10/20,486,2
Fujian,China,26.0789,117.9874,2/10/20,261,0
Gansu,China,37.8099,101.0583,2/10/20,83,2
Guangdong,China,23.3417,113.4244,2/10/20,1159,1
Guangxi,China,23.8298,108.7881,2/10/20,210,1
Guizhou,China,26.8154,106.8748,2/10/20,109,1
Hainan,China,19.1959,109.7453,2/10/20,138,3
Hebei,China,39.549,116.1306,2/10/20,218,2
Heilongjiang,China,47.862,127.7615,2/10/20,331,7
Henan,China,33.882,113.614,2/10/20,1073,6
Hong Kong,China,22.3,114.2,2/10/20,38,1
Hubei,China,30.9756,112.2707,2/10/20,31728,974
Hunan,China,27.6104,111.7088,2/10/20,879,1
Inner Mongolia,China,44.0935,113.9448,2/10/20,58,0
Jiangsu,China,32.9711,119.455,2/10/20,492,0
Jiangxi,China,27.614,115.7221,2/10/20,771,1
Jilin,China,43.6661,126.1923,2/10/20,80,1
Liaoning,China,41.2956,122.6085,2/10/20,108,0
Macau,China,22.1667,113.55,2/10/20,10,0
Ningxia,China,37.2692,106.1655,2/10/20,49,0
Qinghai,China,35.7452,95.9956,2/10/20,18,0
Shaanxi,China,35.1917,108.8701,2/10/20,213,0
Shandong,China,36.3427,118.1498,2/10/20,466,1
Shanghai,China,31.202,121.4491,2/10/20,299,1
Shanxi,China,37.5777,112.2922,2/10/20,119,0
Sichuan,China,30.6171,102.7103,2/10/20,405,1
Tianjin,China,39.3054,117.323,2/10/20,95,1
Tibet,China,31.6927,88.0924,2/10/20,1,0
Xinjiang,China,41.1129,85.2401,2/10/20,49,0
Yunnan,China,24.974,101.487,2/10/20,149,0
Zhejiang,China,29.1832,120.0934,2/10/20,1092,0
Anhui,China,31.8257,117.2264,2/11/20,860,4
Beijing,China,40.1824,116.4142,2/11/20,342,3
Chongqing,China,30.0572,107.874,2/11/20,505,3
Fujian,China,26.0789,117.9874,2/11/20,267,0
Gansu,China,37.8099,101.0583,2/11/20,86,2
Guangdong,China,23.3417,113.4244,2/11/20,1177,1
Guangxi,China,23.8298,108.7881,2/11/20,215,1
Guizhou,China,26.8154,106.8748,2/11/20,127,1
Hainan,China,19.1959,109.7453,2/11/20,144,3
Hebei,China,39.549,116.1306,2/11/20,239,2
Heilongjiang,China,47.862,127.7615,2/11/20,360,8
Henan,China,33.882,113.614,2/11/20,1105,7
Hong Kong,China,22.3,114.2,2/11/20,49,1
Hubei,China,30.9756,112.2707,2/11/20,33366,1068
Hunan,China,27.6104,111.7088,2/11/20,912,1
Inner Mongolia,China,44.0935,113.9448,2/11/20,58,0
Jiangsu,China,32.9711,119.455,2/11/20,515,0
Jiangxi,China,27.614,115.7221,2/11/20,804,1
Jilin,China,43.6661,126.1923,2/11/20,81,1
Liaoning,China,41.2956,122.6085,2/11/20,111,0
Macau,China,22.1667,113.55,2/11/20,10,0
Ningxia,China,37.2692,106.1655,2/11/20,53,0
Qinghai,China,35.7452,95.9956,2/11/20,18,0
Shaanxi,China,35.1917,108.8701,2/11/20,219,0
Shandong,China,36.3427,118.1498,2/11/20,487,1
Shanghai,China,31.202,121.4491,2/11/20,303,1
Shanxi,China,37.5777,112.2922,2/11/20,124,0
Sichuan,China,30.6171,102.7103,2/11/20,417,1
Tianjin,China,39.3054,117.323,2/11/20,106,2
Tibet,China,31.6927,88.0924,2/11/20,1,0
Xinjiang,China,41.1129,85.2401,2/11/20,55,0
Yunnan,China,24.974,101.487,2/11/20,153,0
Zhejiang,China,29.1832,120.0934,2/11/20,1117,0
Anhui,China,31.8257,117.2264,2/12/20,889,4
Beijing,China,40.1824,116.4142,2/12/20,352,3
Chongqing,China,30.0572,107.874,2/12/20,518,3
Fujian,China,26.0789,117.9874,2/12/20,272,0
Gansu,China,37.8099,101.0583,2/12/20,87,2
Guangdong,China,23.3417,113.4244,2/12/20,1219,1
Guangxi,China,23.8298,108.7881,2/12/20,222,1
Guizhou,China,26.8154,106.8748,2/12/20,133,1
Hainan,China,19.1959,109.7453,2/12/20,157,4
Hebei,China,39.549,116.1306,2/12/20,251,2
Heilongjiang,China,47.862,127.7615,2/12/20,378,8
Henan,China,33.882,113.614,2/12/20,1135,8
Hong Kong,China,22.3,114.2,2/12/20,50,1
Hubei,China,30.9756,112.2707,2/12/20,34874,1068
Hunan,China,27.6104,111.7088,2/12/20,946,2
Inner Mongolia,China,44.0935,113.9448,2/12/20,60,0
Jiangsu,China,32.9711,119.455,2/12/20,543,0
Jiangxi,China,27.614,115.7221,2/12/20,844,1
Jilin,China,43.6661,126.1923,2/12/20,83,1
Liaoning,China,41.2956,122.6085,2/12/20,116,1
Macau,China,22.1667,113.55,2/12/20,10,0
Ningxia,China,37.2692,106.1655,2/12/20,58,0
Qinghai,China,35.7452,95.9956,2/12/20,18,0
Shaanxi,China,35.1917,108.8701,2/12/20,225,0
Shandong,China,36.3427,118.1498,2/12/20,497,2
Shanghai,China,31.202,121.4491,2/12/20,311,1
Shanxi,China,37.5777,112.2922,2/12/20,126,0
Sichuan,China,30.6171,102.7103,2/12/20,436,1
Tianjin,China,39.3054,117.323,2/12/20,112,2
Tibet,China,31.6927,88.0924,2/12/20,1,0
Xinjiang,China,41.1129,85.2401,2/12/20,59,0
Yunnan,China,24.974,101.487,2/12/20,154,0
Zhejiang,China,29.1832,120.0934,2/12/20,1131,0
Anhui,China,31.8257,117.2264,2/13/20,910,5
Beijing,China,40.1824,116.4142,2/13/20,366,3
Chongqing,China,30.0572,107.874,2/13/20,529,4
Fujian,China,26.0789,117.9874,2/13/20,279,0
Gansu,China,37.8099,101.0583,2/13/20,90,2
Guangdong,China,23.3417,113.4244,2/13/20,1241,2
Guangxi,China,23.8298,108.7881,2/13/20,222,2
Guizhou,China,26.8154,106.8748,2/13/20,135,1
Hainan,China,19.1959,109.7453,2/13/20,157,4
Hebei,China,39.549,116.1306,2/13/20,265,3
Heilongjiang,China,47.862,127.7615,2/13/20,395,9
Henan,China,33.882,113.614,2/13/20,1169,10
Hong Kong,China,22.3,114.2,2/13/20,53,1
Hubei,China,30.9756,112.2707,2/13/20,48206,1310
Hunan,China,27.6104,111.7088,2/13/20,968,2
Inner Mongolia,China,44.0935,113.9448,2/13/20,61,0
Jiangsu,China,32.9711,119.455,2/13/20,570,0
Jiangxi,China,27.614,115.7221,2/13/20,872,1
Jilin,China,43.6661,126.1923,2/13/20,84,1
Liaoning,China,41.2956,122.6085,2/13/20,117,1
Macau,China,22.1667,113.55,2/13/20,10,0
Ningxia,China,37.2692,106.1655,2/13/20,64,0
Qinghai,China,35.7452,95.9956,2/13/20,18,0
Shaanxi,China,35.1917,108.8701,2/13/20,229,0
Shandong,China,36.3427,118.1498,2/13/20,509,2
Shanghai,China,31.202,121.4491,2/13/20,315,1
Shanxi,China,37.5777,112.2922,2/13/20,126,0
Sichuan,China,30.6171,102.7103,2/13/20,451,1
Tianjin,China,39.3054,117.323,2/13/20,119,3
Tibet,China,31.6927,88.0924,2/13/20,1,0
Xinjiang,China,41.1129,85.2401,2/13/20,63,1
Yunnan,China,24.974,101.487,2/13/20,156,0
Zhejiang,China,29.1832,120.0934,2/13/20,1145,0
Anhui,China,31.8257,117.2264,2/14/20,934,6
Beijing,China,40.1824,116.4142,2/14/20,372,3
Chongqing,China,30.0572,107.874,2/14/20,537,5
Fujian,China,26.0789,117.9874,2/14/20,281,0
Gansu,China,37.8099,101.0583,2/14/20,90,2
Guangdong,China,23.3417,113.4244,2/14/20,1261,2
Guangxi,China,23.8298,108.7881,2/14/20,226,2
Guizhou,China,26.8154,106.8748,2/14/20,140,1
Hainan,China,19.1959,109.7453,2/14/20,159,4
Hebei,China,39.549,116.1306,2/14/20,283,3
Heilongjiang,China,47.862,127.7615,2/14/20,419,11
Henan,China,33.882,113.614,2/14/20,1184,11
Hong Kong,China,22.3,114.2,2/14/20,56,1
Hubei,China,30.9756,112.2707,2/14/20,54406,1457
Hunan,China,27.6104,111.7088,2/14/20,988,2
Inner Mongolia,China,44.0935,113.9448,2/14/20,65,0
Jiangsu,China,32.9711,119.455,2/14/20,593,0
Jiangxi,China,27.614,115.7221,2/14/20,900,1
Jilin,China,43.6661,126.1923,2/14/20,86,1
Liaoning,China,41.2956,122.6085,2/14/20,119,1
Macau,China,22.1667,113.55,2/14/20,10,0
Ningxia,China,37.2692,106.1655,2/14/20,67,0
Qinghai,China,35.7452,95.9956,2/14/20,18,0
Shaanxi,China,35.1917,108.8701,2/14/20,230,0
Shandong,China,36.3427,118.1498,2/14/20,523,2
Shanghai,China,31.202,121.4491,2/14/20,318,1
Shanxi,China,37.5777,112.2922,2/14/20,127,0
Sichuan,China,30.6171,102.7103,2/14/20,463,1
Tianjin,China,39.3054,117.323,2/14/20,120,3
Tibet,China,31.6927,88.0924,2/14/20,1,0
Xinjiang,China,41.1129,85.2401,2/14/20,65,1
Yunnan,China,24.974,101.487,2/14/20,162,0
Zhejiang,China,29.1832,120.0934,2/14/20,1155,0
Anhui,China,31.8257,117.2264,2/15/20,950,6
Beijing,China,40.1824,116.4142,2/15/20,375,4
Chongqing,China,30.0572,107.874,2/15/20,544,5
Fujian,China,26.0789,117.9874,2/15/20,285,0
Gansu,China,37.8099,101.0583,2/15/20,90,2
Guangdong,China,23.3417,113.4244,2/15/20,1294,2
Guangxi,China,23.8298,108.7881,2/15/20,235,2
Guizhou,China,26.8154,106.8748,2/15/20,143,1
Hainan,China,19.1959,109.7453,2/15/20,162,4
Hebei,China,39.549,116.1306,2/15/20,291,3
Heilongjiang,China,47.862,127.7615,2/15/20,425,11
Henan,China,33.882,113.614,2/15/20,1212,13
Hong Kong,China,22.3,114.2,2/15/20,56,1
Hubei,China,30.9756,112.2707,2/15/20,56249,1596
Hunan,China,27.6104,111.7088,2/15/20,1001,2
Inner Mongolia,China,44.0935,113.9448,2/15/20,68,0
Jiangsu,China,32.9711,119.455,2/15/20,604,0
Jiangxi,China,27.614,115.7221,2/15/20,913,1
Jilin,China,43.6661,126.1923,2/15/20,88,1
Liaoning,China,41.2956,122.6085,2/15/20,119,1
Macau,China,22.1667,113.55,2/15/20,10,0
Ningxia,China,37.2692,106.1655,2/15/20,70,0
Qinghai,China,35.7452,95.9956,2/15/20,18,0
Shaanxi,China,35.1917,108.8701,2/15/20,232,0
Shandong,China,36.3427,118.1498,2/15/20,532,2
Shanghai,China,31.202,121.4491,2/15/20,326,1
Shanxi,China,37.5777,112.2922,2/15/20,128,0
Sichuan,China,30.6171,102.7103,2/15/20,470,1
Tianjin,China,39.3054,117.323,2/15/20,122,3
Tibet,China,31.6927,88.0924,2/15/20,1,0
Xinjiang,China,41.1129,85.2401,2/15/20,70,1
Yunnan,China,24.974,101.487,2/15/20,168,0
Zhejiang,China,29.1832,120.0934,2/15/20,1162,0
Anhui,China,31.8257,117.2264,2/16/20,962,6
Beijing,China,40.1824,116.4142,2/16/20,380,4
Chongqing,China,30.0572,107.874,2/16/20,551,5
Fujian,China,26.0789,117.9874,2/16/20,287,0
Gansu,China,37.8099,101.0583,2/16/20,90,2
Guangdong,China,23.3417,113.4244,2/16/20,1316,2
Guangxi,China,23.8298,108.7881,2/16/20,237,2
Guizhou,China,26.8154,106.8748,2/16/20,144,1
Hainan,China,19.1959,109.7453,2/16/20,162,4
Hebei,China,39.549,116.1306,2/16/20,300,3
Heilongjiang,China,47.862,127.7615,2/16/20,445,11
Henan,China,33.882,113.614,2/16/20,1231,13
Hong Kong,China,22.3,114.2,2/16/20,57,1
Hubei,China,30.9756,112.2707,2/16/20,58182,1696
Hunan,China,27.6104,111.7088,2/16/20,1004,3
Inner Mongolia,China,44.0935,113.9448,2/16/20,70,0
Jiangsu,China,32.9711,119.455,2/16/20,617,0
Jiangxi,China,27.614,115.7221,2/16/20,925,1
Jilin,China,43.6661,126.1923,2/16/20,89,1
Liaoning,China,41.2956,122.6085,2/16/20,121,1
Macau,China,22.1667,113.55,2/16/20,10,0
Ningxia,China,37.2692,106.1655,2/16/20,70,0
Qinghai,China,35.7452,95.9956,2/16/20,18,0
Shaanxi,China,35.1917,108.8701,2/16/20,236,0
Shandong,China,36.3427,118.1498,2/16/20,537,2
Shanghai,China,31.202,121.4491,2/16/20,328,1
Shanxi,China,37.5777,112.2922,2/16/20,129,0
Sichuan,China,30.6171,102.7103,2/16/20,481,3
Tianjin,China,39.3054,117.323,2/16/20,124,3
Tibet,China,31.6927,88.0924,2/16/20,1,0
Xinjiang,China,41.1129,85.2401,2/16/20,71,1
Yunnan,China,24.974,101.487,2/16/20,171,0
Zhejiang,China,29.1832,120.0934,2/16/20,1167,0
Anhui,China,31.8257,117.2264,2/17/20,973,6
Beijing,China,40.1824,116.4142,2/17/20,381,4
Chongqing,China,30.0572,107.874,2/17/20,553,5
Fujian,China,26.0789,117.9874,2/17/20,290,0
Gansu,China,37.8099,101.0583,2/17/20,91,2
Guangdong,China,23.3417,113.4244,2/17/20,1322,4
Guangxi,China,23.8298,108.7881,2/17/20,238,2
Guizhou,China,26.8154,106.8748,2/17/20,146,1
Hainan,China,19.1959,109.7453,2/17/20,163,4
Hebei,China,39.549,116.1306,2/17/20,301,3
Heilongjiang,China,47.862,127.7615,2/17/20,457,11
Henan,China,33.882,113.614,2/17/20,1246,16
Hong Kong,China,22.3,114.2,2/17/20,60,1
Hubei,China,30.9756,112.2707,2/17/20,59989,1789
Hunan,China,27.6104,111.7088,2/17/20,1006,3
Inner Mongolia,China,44.0935,113.9448,2/17/20,72,0
Jiangsu,China,32.9711,119.455,2/17/20,626,0
Jiangxi,China,27.614,115.7221,2/17/20,930,1
Jilin,China,43.6661,126.1923,2/17/20,89,1
Liaoning,China,41.2956,122.6085,2/17/20,121,1
Macau,China,22.1667,113.55,2/17/20,10,0
Ningxia,China,37.2692,106.1655,2/17/20,70,0
Qinghai,China,35.7452,95.9956,2/17/20,18,0
Shaanxi,China,35.1917,108.8701,2/17/20,240,0
Shandong,China,36.3427,118.1498,2/17/20,541,2
Shanghai,China,31.202,121.4491,2/17/20,333,1
Shanxi,China,37.5777,112.2922,2/17/20,130,0
Sichuan,China,30.6171,102.7103,2/17/20,495,3
Tianjin,China,39.3054,117.323,2/17/20,125,3
Tibet,China,31.6927,88.0924,2/17/20,1,0
Xinjiang,China,41.1129,85.2401,2/17/20,75,1
Yunnan,China,24.974,101.487,2/17/20,171,0
Zhejiang,China,29.1832,120.0934,2/17/20,1171,0
Anhui,China,31.8257,117.2264,2/18/20,982,6
Beijing,China,40.1824,116.4142,2/18/20,387,4
Chongqing,China,30.0572,107.874,2/18/20,555,5
Fujian,China,26.0789,117.9874,2/18/20,292,0
Gansu,China,37.8099,101.0583,2/18/20,91,2
Guangdong,China,23.3417,113.4244,2/18/20,1328,4
Guangxi,China,23.8298,108.7881,2/18/20,242,2
Guizhou,China,26.8154,106.8748,2/18/20,146,2
Hainan,China,19.1959,109.7453,2/18/20,163,4
Hebei,China,39.549,116.1306,2/18/20,306,4
Heilongjiang,China,47.862,127.7615,2/18/20,464,11
Henan,China,33.882,113.614,2/18/20,1257,19
Hong Kong,China,22.3,114.2,2/18/20,62,1
Hubei,China,30.9756,112.2707,2/18/20,61682,1921
Hunan,China,27.6104,111.7088,2/18/20,1007,4
Inner Mongolia,China,44.0935,113.9448,2/18/20,73,0
Jiangsu,China,32.9711,119.455,2/18/20,629,0
Jiangxi,China,27.614,115.7221,2/18/20,933,1
Jilin,China,43.6661,126.1923,2/18/20,89,1
Liaoning,China,41.2956,122.6085,2/18/20,121,1
Macau,China,22.1667,113.55,2/18/20,10,0
Ningxia,China,37.2692,106.1655,2/18/20,70,0
Qinghai,China,35.7452,95.9956,2/18/20,18,0
Shaanxi,China,35.1917,108.8701,2/18/20,240,0
Shandong,China,36.3427,118.1498,2/18/20,543,3
Shanghai,China,31.202,121.4491,2/18/20,333,1
Shanxi,China,37.5777,112.2922,2/18/20,131,0
Sichuan,China,30.6171,102.7103,2/18/20,508,3
Tianjin,China,39.3054,117.323,2/18/20,128,3
Tibet,China,31.6927,88.0924,2/18/20,1,0
Xinjiang,China,41.1129,85.2401,2/18/20,76,1
Yunnan,China,24.974,101.487,2/18/20,172,0
Zhejiang,China,29.1832,120.0934,2/18/20,1172,0
Anhui,China,31.8257,117.2264,2/19/20,986,6
Beijing,China,40.1824,116.4142,2/19/20,393,4
Chongqing,China,30.0572,107.874,2/19/20,560,5
Fujian,China,26.0789,117.9874,2/19/20,293,0
Gansu,China,37.8099,101.0583,2/19/20,91,2
Guangdong,China,23.3417,113.4244,2/19/20,1331,5
Guangxi,China,23.8298,108.7881,2/19/20,244,2
Guizhou,China,26.8154,106.8748,2/19/20,146,2
Hainan,China,19.1959,109.7453,2/19/20,168,4
Hebei,China,39.549,116.1306,2/19/20,306,4
Heilongjiang,China,47.862,127.7615,2/19/20,470,12
Henan,China,33.882,113.614,2/19/20,1262,19
Hong Kong,China,22.3,114.2,2/19/20,63,2
Hubei,China,30.9756,112.2707,2/19/20,62031,2029
Hunan,China,27.6104,111.7088,2/19/20,1008,4
Inner Mongolia,China,44.0935,113.9448,2/19/20,75,0
Jiangsu,China,32.9711,119.455,2/19/20,631,0
Jiangxi,China,27.614,115.7221,2/19/20,934,1
Jilin,China,43.6661,126.1923,2/19/20,90,1
Liaoning,China,41.2956,122.6085,2/19/20,121,1
Macau,China,22.1667,113.55,2/19/20,10,0
Ningxia,China,37.2692,106.1655,2/19/20,71,0
Qinghai,China,35.7452,95.9956,2/19/20,18,0
Shaanxi,China,35.1917,108.8701,2/19/20,242,0
Shandong,China,36.3427,118.1498,2/19/20,544,3
Shanghai,China,31.202,121.4491,2/19/20,333,2
Shanxi,China,37.5777,112.2922,2/19/20,131,0
Sichuan,China,30.6171,102.7103,2/19/20,514,3
Tianjin,China,39.3054,117.323,2/19/20,130,3
Tibet,China,31.6927,88.0924,2/19/20,1,0
Xinjiang,China,41.1129,85.2401,2/19/20,76,1
Yunnan,China,24.974,101.487,2/19/20,172,1
Zhejiang,China,29.1832,120.0934,2/19/20,1174,0
Anhui,China,31.8257,117.2264,2/20/20,987,6
Beijing,China,40.1824,116.4142,2/20/20,395,4
Chongqing,China,30.0572,107.874,2/20/20,567,6
Fujian,China,26.0789,117.9874,2/20/20,293,1
Gansu,China,37.8099,101.0583,2/20/20,91,2
Guangdong,China,23.3417,113.4244,2/20/20,1332,5
Guangxi,China,23.8298,108.7881,2/20/20,245,2
Guizhou,China,26.8154,106.8748,2/20/20,146,2
Hainan,China,19.1959,109.7453,2/20/20,168,4
Hebei,China,39.549,116.1306,2/20/20,307,5
Heilongjiang,China,47.862,127.7615,2/20/20,476,12
Henan,China,33.882,113.614,2/20/20,1265,19
Hong Kong,China,22.3,114.2,2/20/20,68,2
Hubei,China,30.9756,112.2707,2/20/20,62442,2144
Hunan,China,27.6104,111.7088,2/20/20,1010,4
Inner Mongolia,China,44.0935,113.9448,2/20/20,75,0
Jiangsu,China,32.9711,119.455,2/20/20,631,0
Jiangxi,China,27.614,115.7221,2/20/20,934,1
Jilin,China,43.6661,126.1923,2/20/20,91,1
Liaoning,China,41.2956,122.6085,2/20/20,121,1
Macau,China,22.1667,113.55,2/20/20,10,0
Ningxia,China,37.2692,106.1655,2/20/20,71,0
Qinghai,China,35.7452,95.9956,2/20/20,18,0
Shaanxi,China,35.1917,108.8701,2/20/20,245,1
Shandong,China,36.3427,118.1498,2/20/20,546,4
Shanghai,China,31.202,121.4491,2/20/20,334,2
Shanxi,China,37.5777,112.2922,2/20/20,132,0
Sichuan,China,30.6171,102.7103,2/20/20,520,3
Tianjin,China,39.3054,117.323,2/20/20,131,3
Tibet,China,31.6927,88.0924,2/20/20,1,0
Xinjiang,China,41.1129,85.2401,2/20/20,76,1
Yunnan,China,24.974,101.487,2/20/20,174,2
Zhejiang,China,29.1832,120.0934,2/20/20,1175,1
Anhui,China,31.8257,117.2264,2/21/20,988,6
Beijing,China,40.1824,116.4142,2/21/20,396,4
Chongqing,China,30.0572,107.874,2/21/20,572,6
Fujian,China,26.0789,117.9874,2/21/20,293,1
Gansu,China,37.8099,101.0583,2/21/20,91,2
Guangdong,China,23.3417,113.4244,2/21/20,1333,5
Guangxi,China,23.8298,108.7881,2/21/20,246,2
Guizhou,China,26.8154,106.8748,2/21/20,146,2
Hainan,China,19.1959,109.7453,2/21/20,168,4
Hebei,China,39.549,116.1306,2/21/20,308,5
Heilongjiang,China,47.862,127.7615,2/21/20,479,12
Henan,China,33.882,113.614,2/21/20,1267,19
Hong Kong,China,22.3,114.2,2/21/20,68,2
Hubei,China,30.9756,112.2707,2/21/20,62662,2144
Hunan,China,27.6104,111.7088,2/21/20,1011,4
Inner Mongolia,China,44.0935,113.9448,2/21/20,75,0
Jiangsu,China,32.9711,119.455,2/21/20,631,0
Jiangxi,China,27.614,115.7221,2/21/20,934,1
Jilin,China,43.6661,126.1923,2/21/20,91,1
Liaoning,China,41.2956,122.6085,2/21/20,121,1
Macau,China,22.1667,113.55,2/21/20,10,0
Ningxia,China,37.2692,106.1655,2/21/20,71,0
Qinghai,China,35.7452,95.9956,2/21/20,18,0
Shaanxi,China,35.1917,108.8701,2/21/20,245,1
Shandong,China,36.3427,118.1498,2/21/20,749,4
Shanghai,China,31.202,121.4491,2/21/20,334,2
Shanxi,China,37.5777,112.2922,2/21/20,132,0
Sichuan,China,30.6171,102.7103,2/21/20,525,3
Tianjin,China,39.3054,117.323,2/21/20,132,3
Tibet,China,31.6927,88.0924,2/21/20,1,0
Xinjiang,China,41.1129,85.2401,2/21/20,76,1
Yunnan,China,24.974,101.487,2/21/20,174,2
Zhejiang,China,29.1832,120.0934,2/21/20,1203,1
Anhui,China,31.8257,117.2264,2/22/20,989,6
Beijing,China,40.1824,116.4142,2/22/20,399,4
Chongqing,China,30.0572,107.874,2/22/20,573,6
Fujian,China,26.0789,117.9874,2/22/20,293,1
Gansu,China,37.8099,101.0583,2/22/20,91,2
Guangdong,China,23.3417,113.4244,2/22/20,1339,5
Guangxi,China,23.8298,108.7881,2/22/20,249,2
Guizhou,China,26.8154,106.8748,2/22/20,146,2
Hainan,China,19.1959,109.7453,2/22/20,168,4
Hebei,China,39.549,116.1306,2/22/20,309,6
Heilongjiang,China,47.862,127.7615,2/22/20,479,12
Henan,China,33.882,113.614,2/22/20,1270,19
Hong Kong,China,22.3,114.2,2/22/20,69,2
Hubei,China,30.9756,112.2707,2/22/20,64084,2346
Hunan,China,27.6104,111.7088,2/22/20,1013,4
Inner Mongolia,China,44.0935,113.9448,2/22/20,75,0
Jiangsu,China,32.9711,119.455,2/22/20,631,0
Jiangxi,China,27.614,115.7221,2/22/20,934,1
Jilin,China,43.6661,126.1923,2/22/20,91,1
Liaoning,China,41.2956,122.6085,2/22/20,121,1
Macau,China,22.1667,113.55,2/22/20,10,0
Ningxia,China,37.2692,106.1655,2/22/20,71,0
Qinghai,China,35.7452,95.9956,2/22/20,18,0
Shaanxi,China,35.1917,108.8701,2/22/20,245,1
Shandong,China,36.3427,118.1498,2/22/20,750,4
Shanghai,China,31.202,121.4491,2/22/20,335,3
Shanxi,China,37.5777,112.2922,2/22/20,132,0
Sichuan,China,30.6171,102.7103,2/22/20,526,3
Tianjin,China,39.3054,117.323,2/22/20,135,3
Tibet,China,31.6927,88.0924,2/22/20,1,0
Xinjiang,China,41.1129,85.2401,2/22/20,76,2
Yunnan,China,24.974,101.487,2/22/20,174,2
Zhejiang,China,29.1832,120.0934,2/22/20,1205,1
Anhui,China,31.8257,117.2264,2/23/20,989,6
Beijing,China,40.1824,116.4142,2/23/20,399,4
Chongqing,China,30.0572,107.874,2/23/20,575,6
Fujian,China,26.0789,117.9874,2/23/20,293,1
Gansu,China,37.8099,101.0583,2/23/20,91,2
Guangdong,China,23.3417,113.4244,2/23/20,1342,6
Guangxi,China,23.8298,108.7881,2/23/20,249,2
Guizhou,China,26.8154,106.8748,2/23/20,146,2
Hainan,China,19.1959,109.7453,2/23/20,168,5
Hebei,China,39.549,116.1306,2/23/20,311,6
Heilongjiang,China,47.862,127.7615,2/23/20,480,12
Henan,China,33.882,113.614,2/23/20,1271,19
Hong Kong,China,22.3,114.2,2/23/20,74,2
Hubei,China,30.9756,112.2707,2/23/20,64084,2346
Hunan,China,27.6104,111.7088,2/23/20,1016,4
Inner Mongolia,China,44.0935,113.9448,2/23/20,75,0
Jiangsu,China,32.9711,119.455,2/23/20,631,0
Jiangxi,China,27.614,115.7221,2/23/20,934,1
Jilin,China,43.6661,126.1923,2/23/20,91,1
Liaoning,China,41.2956,122.6085,2/23/20,121,1
Macau,China,22.1667,113.55,2/23/20,10,0
Ningxia,China,37.2692,106.1655,2/23/20,71,0
Qinghai,China,35.7452,95.9956,2/23/20,18,0
Shaanxi,China,35.1917,108.8701,2/23/20,245,1
Shandong,China,36.3427,118.1498,2/23/20,754,4
Shanghai,China,31.202,121.4491,2/23/20,335,3
Shanxi,China,37.5777,112.2922,2/23/20,132,0
Sichuan,China,30.6171,102.7103,2/23/20,526,3
Tianjin,China,39.3054,117.323,2/23/20,135,3
Tibet,China,31.6927,88.0924,2/23/20,1,0
Xinjiang,China,41.1129,85.2401,2/23/20,76,2
Yunnan,China,24.974,101.487,2/23/20,174,2
Zhejiang,China,29.1832,120.0934,2/23/20,1205,1
Anhui,China,31.8257,117.2264,2/24/20,989,6
Beijing,China,40.1824,116.4142,2/24/20,399,4
Chongqing,China,30.0572,107.874,2/24/20,576,6
Fujian,China,26.0789,117.9874,2/24/20,293,1
Gansu,China,37.8099,101.0583,2/24/20,91,2
Guangdong,China,23.3417,113.4244,2/24/20,1345,6
Guangxi,China,23.8298,108.7881,2/24/20,251,2
Guizhou,China,26.8154,106.8748,2/24/20,146,2
Hainan,China,19.1959,109.7453,2/24/20,168,5
Hebei,China,39.549,116.1306,2/24/20,311,6
Heilongjiang,China,47.862,127.7615,2/24/20,480,12
Henan,China,33.882,113.614,2/24/20,1271,19
Hong Kong,China,22.3,114.2,2/24/20,79,2
Hubei,China,30.9756,112.2707,2/24/20,64287,2495
Hunan,China,27.6104,111.7088,2/24/20,1016,4
Inner Mongolia,China,44.0935,113.9448,2/24/20,75,0
Jiangsu,China,32.9711,119.455,2/24/20,631,0
Jiangxi,China,27.614,115.7221,2/24/20,934,1
Jilin,China,43.6661,126.1923,2/24/20,93,1
Liaoning,China,41.2956,122.6085,2/24/20,121,1
Macau,China,22.1667,113.55,2/24/20,10,0
Ningxia,China,37.2692,106.1655,2/24/20,71,0
Qinghai,China,35.7452,95.9956,2/24/20,18,0
Shaanxi,China,35.1917,108.8701,2/24/20,245,1
Shandong,China,36.3427,118.1498,2/24/20,755,5
Shanghai,China,31.202,121.4491,2/24/20,335,3
Shanxi,China,37.5777,112.2922,2/24/20,133,0
Sichuan,China,30.6171,102.7103,2/24/20,527,3
Tianjin,China,39.3054,117.323,2/24/20,135,3
Tibet,China,31.6927,88.0924,2/24/20,1,0
Xinjiang,China,41.1129,85.2401,2/24/20,76,2
Yunnan,China,24.974,101.487,2/24/20,174,2
Zhejiang,China,29.1832,120.0934,2/24/20,1205,1
Anhui,China,31.8257,117.2264,2/25/20,989,6
Beijing,China,40.1824,116.4142,2/25/20,400,4
Chongqing,China,30.0572,107.874,2/25/20,576,6
Fujian,China,26.0789,117.9874,2/25/20,294,1
Gansu,China,37.8099,101.0583,2/25/20,91,2
Guangdong,China,23.3417,113.4244,2/25/20,1347,7
Guangxi,China,23.8298,108.7881,2/25/20,252,2
Guizhou,China,26.8154,106.8748,2/25/20,146,2
Hainan,China,19.1959,109.7453,2/25/20,168,5
Hebei,China,39.549,116.1306,2/25/20,311,6
Heilongjiang,China,47.862,127.7615,2/25/20,480,12
Henan,China,33.882,113.614,2/25/20,1271,19
Hong Kong,China,22.3,114.2,2/25/20,84,2
Hubei,China,30.9756,112.2707,2/25/20,64786,2563
Hunan,China,27.6104,111.7088,2/25/20,1016,4
Inner Mongolia,China,44.0935,113.9448,2/25/20,75,0
Jiangsu,China,32.9711,119.455,2/25/20,631,0
Jiangxi,China,27.614,115.7221,2/25/20,934,1
Jilin,China,43.6661,126.1923,2/25/20,93,1
Liaoning,China,41.2956,122.6085,2/25/20,121,1
Macau,China,22.1667,113.55,2/25/20,10,0
Ningxia,China,37.2692,106.1655,2/25/20,71,0
Qinghai,China,35.7452,95.9956,2/25/20,18,0
Shaanxi,China,35.1917,108.8701,2/25/20,245,1
Shandong,China,36.3427,118.1498,2/25/20,756,6
Shanghai,China,31.202,121.4491,2/25/20,336,3
Shanxi,China,37.5777,112.2922,2/25/20,133,0
Sichuan,China,30.6171,102.7103,2/25/20,529,3
Tianjin,China,39.3054,117.323,2/25/20,135,3
Tibet,China,31.6927,88.0924,2/25/20,1,0
Xinjiang,China,41.1129,85.2401,2/25/20,76,2
Yunnan,China,24.974,101.487,2/25/20,174,2
Zhejiang,China,29.1832,120.0934,2/25/20,1205,1
Anhui,China,31.8257,117.2264,2/26/20,989,6
Beijing,China,40.1824,116.4142,2/26/20,400,4
Chongqing,China,30.0572,107.874,2/26/20,576,6
Fujian,China,26.0789,117.9874,2/26/20,294,1
Gansu,China,37.8099,101.0583,2/26/20,91,2
Guangdong,China,23.3417,113.4244,2/26/20,1347,7
Guangxi,China,23.8298,108.7881,2/26/20,252,2
Guizhou,China,26.8154,106.8748,2/26/20,146,2
Hainan,China,19.1959,109.7453,2/26/20,168,5
Hebei,China,39.549,116.1306,2/26/20,312,6
Heilongjiang,China,47.862,127.7615,2/26/20,480,12
Henan,China,33.882,113.614,2/26/20,1271,19
Hong Kong,China,22.3,114.2,2/26/20,91,2
Hubei,China,30.9756,112.2707,2/26/20,65187,2615
Hunan,China,27.6104,111.7088,2/26/20,1016,4
Inner Mongolia,China,44.0935,113.9448,2/26/20,75,0
Jiangsu,China,32.9711,119.455,2/26/20,631,0
Jiangxi,China,27.614,115.7221,2/26/20,934,1
Jilin,China,43.6661,126.1923,2/26/20,93,1
Liaoning,China,41.2956,122.6085,2/26/20,121,1
Macau,China,22.1667,113.55,2/26/20,10,0
Ningxia,China,37.2692,106.1655,2/26/20,71,0
Qinghai,China,35.7452,95.9956,2/26/20,18,0
Shaanxi,China,35.1917,108.8701,2/26/20,245,1
Shandong,China,36.3427,118.1498,2/26/20,756,6
Shanghai,China,31.202,121.4491,2/26/20,337,3
Shanxi,China,37.5777,112.2922,2/26/20,133,0
Sichuan,China,30.6171,102.7103,2/26/20,531,3
Tianjin,China,39.3054,117.323,2/26/20,135,3
Tibet,China,31.6927,88.0924,2/26/20,1,0
Xinjiang,China,41.1129,85.2401,2/26/20,76,2
Yunnan,China,24.974,101.487,2/26/20,174,2
Zhejiang,China,29.1832,120.0934,2/26/20,1205,1
Anhui,China,31.8257,117.2264,2/27/20,989,6
Beijing,China,40.1824,116.4142,2/27/20,410,5
Chongqing,China,30.0572,107.874,2/27/20,576,6
Fujian,China,26.0789,117.9874,2/27/20,296,1
Gansu,China,37.8099,101.0583,2/27/20,91,2
Guangdong,China,23.3417,113.4244,2/27/20,1347,7
Guangxi,China,23.8298,108.7881,2/27/20,252,2
Guizhou,China,26.8154,106.8748,2/27/20,146,2
Hainan,China,19.1959,109.7453,2/27/20,168,5
Hebei,China,39.549,116.1306,2/27/20,317,6
Heilongjiang,China,47.862,127.7615,2/27/20,480,13
Henan,China,33.882,113.614,2/27/20,1272,20
Hong Kong,China,22.3,114.2,2/27/20,92,2
Hubei,China,30.9756,112.2707,2/27/20,65596,2641
Hunan,China,27.6104,111.7088,2/27/20,1017,4
Inner Mongolia,China,44.0935,113.9448,2/27/20,75,0
Jiangsu,China,32.9711,119.455,2/27/20,631,0
Jiangxi,China,27.614,115.7221,2/27/20,934,1
Jilin,China,43.6661,126.1923,2/27/20,93,1
Liaoning,China,41.2956,122.6085,2/27/20,121,1
Macau,China,22.1667,113.55,2/27/20,10,0
Ningxia,China,37.2692,106.1655,2/27/20,72,0
Qinghai,China,35.7452,95.9956,2/27/20,18,0
Shaanxi,China,35.1917,108.8701,2/27/20,245,1
Shandong,China,36.3427,118.1498,2/27/20,756,6
Shanghai,China,31.202,121.4491,2/27/20,337,3
Shanxi,China,37.5777,112.2922,2/27/20,133,0
Sichuan,China,30.6171,102.7103,2/27/20,534,3
Tianjin,China,39.3054,117.323,2/27/20,136,3
Tibet,China,31.6927,88.0924,2/27/20,1,0
Xinjiang,China,41.1129,85.2401,2/27/20,76,2
Yunnan,China,24.974,101.487,2/27/20,174,2
Zhejiang,China,29.1832,120.0934,2/27/20,1205,1
Anhui,China,31.8257,117.2264,2/28/20,990,6
Beijing,China,40.1824,116.4142,2/28/20,410,7
Chongqing,China,30.0572,107.874,2/28/20,576,6
Fujian,China,26.0789,117.9874,2/28/20,296,1
Gansu,China,37.8099,101.0583,2/28/20,91,2
Guangdong,China,23.3417,113.4244,2/28/20,1348,7
Guangxi,China,23.8298,108.7881,2/28/20,252,2
Guizhou,China,26.8154,106.8748,2/28/20,146,2
Hainan,China,19.1959,109.7453,2/28/20,168,5
Hebei,China,39.549,116.1306,2/28/20,318,6
Heilongjiang,China,47.862,127.7615,2/28/20,480,13
Henan,China,33.882,113.614,2/28/20,1272,20
Hong Kong,China,22.3,114.2,2/28/20,94,2
Hubei,China,30.9756,112.2707,2/28/20,65914,2682
Hunan,China,27.6104,111.7088,2/28/20,1017,4
Inner Mongolia,China,44.0935,113.9448,2/28/20,75,0
Jiangsu,China,32.9711,119.455,2/28/20,631,0
Jiangxi,China,27.614,115.7221,2/28/20,935,1
Jilin,China,43.6661,126.1923,2/28/20,93,1
Liaoning,China,41.2956,122.6085,2/28/20,121,1
Macau,China,22.1667,113.55,2/28/20,10,0
Ningxia,China,37.2692,106.1655,2/28/20,72,0
Qinghai,China,35.7452,95.9956,2/28/20,18,0
Shaanxi,China,35.1917,108.8701,2/28/20,245,1
Shandong,China,36.3427,118.1498,2/28/20,756,6
Shanghai,China,31.202,121.4491,2/28/20,337,3
Shanxi,China,37.5777,112.2922,2/28/20,133,0
Sichuan,China,30.6171,102.7103,2/28/20,538,3
Tianjin,China,39.3054,117.323,2/28/20,136,3
Tibet,China,31.6927,88.0924,2/28/20,1,0
Xinjiang,China,41.1129,85.2401,2/28/20,76,3
Yunnan,China,24.974,101.487,2/28/20,174,2
Zhejiang,China,29.1832,120.0934,2/28/20,1205,1
Anhui,China,31.8257,117.2264,2/29/20,990,6
Beijing,China,40.1824,116.4142,2/29/20,411,8
Chongqing,China,30.0572,107.874,2/29/20,576,6
Fujian,China,26.0789,117.9874,2/29/20,296,1
Gansu,China,37.8099,101.0583,2/29/20,91,2
Guangdong,China,23.3417,113.4244,2/29/20,1349,7
Guangxi,China,23.8298,108.7881,2/29/20,252,2
Guizhou,China,26.8154,106.8748,2/29/20,146,2
Hainan,China,19.1959,109.7453,2/29/20,168,5
Hebei,China,39.549,116.1306,2/29/20,318,6
Heilongjiang,China,47.862,127.7615,2/29/20,480,13
Henan,China,33.882,113.614,2/29/20,1272,21
Hong Kong,China,22.3,114.2,2/29/20,95,2
Hubei,China,30.9756,112.2707,2/29/20,66337,2727
Hunan,China,27.6104,111.7088,2/29/20,1018,4
Inner Mongolia,China,44.0935,113.9448,2/29/20,75,0
Jiangsu,China,32.9711,119.455,2/29/20,631,0
Jiangxi,China,27.614,115.7221,2/29/20,935,1
Jilin,China,43.6661,126.1923,2/29/20,93,1
Liaoning,China,41.2956,122.6085,2/29/20,121,1
Macau,China,22.1667,113.55,2/29/20,10,0
Ningxia,China,37.2692,106.1655,2/29/20,73,0
Qinghai,China,35.7452,95.9956,2/29/20,18,0
Shaanxi,China,35.1917,108.8701,2/29/20,245,1
Shandong,China,36.3427,118.1498,2/29/20,756,6
Shanghai,China,31.202,121.4491,2/29/20,337,3
Shanxi,China,37.5777,112.2922,2/29/20,133,0
Sichuan,China,30.6171,102.7103,2/29/20,538,3
Tianjin,China,39.3054,117.323,2/29/20,136,3
Tibet,China,31.6927,88.0924,2/29/20,1,0
Xinjiang,China,41.1129,85.2401,2/29/20,76,3
Yunnan,China,24.974,101.487,2/29/20,174,2
Zhejiang,China,29.1832,120.0934,2/29/20,1205,1
Anhui,China,31.8257,117.2264,3/1/20,990,6
Beijing,China,40.1824,116.4142,3/1/20,413,8
Chongqing,China,30.0572,107.874,3/1/20,576,6
Fujian,China,26.0789,117.9874,3/1/20,296,1
Gansu,China,37.8099,101.0583,3/1/20,91,2
Guangdong,China,23.3417,113.4244,3/1/20,1349,7
Guangxi,China,23.8298,108.7881,3/1/20,252,2
Guizhou,China,26.8154,106.8748,3/1/20,146,2
Hainan,China,19.1959,109.7453,3/1/20,168,5
Hebei,China,39.549,116.1306,3/1/20,318,6
Heilongjiang,China,47.862,127.7615,3/1/20,480,13
Henan,China,33.882,113.614,3/1/20,1272,22
Hong Kong,China,22.3,114.2,3/1/20,96,2
Hubei,China,30.9756,112.2707,3/1/20,66907,2761
Hunan,China,27.6104,111.7088,3/1/20,1018,4
Inner Mongolia,China,44.0935,113.9448,3/1/20,75,0
Jiangsu,China,32.9711,119.455,3/1/20,631,0
Jiangxi,China,27.614,115.7221,3/1/20,935,1
Jilin,China,43.6661,126.1923,3/1/20,93,1
Liaoning,China,41.2956,122.6085,3/1/20,122,1
Macau,China,22.1667,113.55,3/1/20,10,0
Ningxia,China,37.2692,106.1655,3/1/20,73,0
Qinghai,China,35.7452,95.9956,3/1/20,18,0
Shaanxi,China,35.1917,108.8701,3/1/20,245,1
Shandong,China,36.3427,118.1498,3/1/20,758,6
Shanghai,China,31.202,121.4491,3/1/20,337,3
Shanxi,China,37.5777,112.2922,3/1/20,133,0
Sichuan,China,30.6171,102.7103,3/1/20,538,3
Tianjin,China,39.3054,117.323,3/1/20,136,3
Tibet,China,31.6927,88.0924,3/1/20,1,0
Xinjiang,China,41.1129,85.2401,3/1/20,76,3
Yunnan,China,24.974,101.487,3/1/20,174,2
Zhejiang,China,29.1832,120.0934,3/1/20,1205,1
Anhui,China,31.8257,117.2264,3/2/20,990,6
Beijing,China,40.1824,116.4142,3/2/20,414,8
Chongqing,China,30.0572,107.874,3/2/20,576,6
Fujian,China,26.0789,117.9874,3/2/20,296,1
Gansu,China,37.8099,101.0583,3/2/20,91,2
Guangdong,China,23.3417,113.4244,3/2/20,1350,7
Guangxi,China,23.8298,108.7881,3/2/20,252,2
Guizhou,China,26.8154,106.8748,3/2/20,146,2
Hainan,China,19.1959,109.7453,3/2/20,168,5
Hebei,China,39.549,116.1306,3/2/20,318,6
Heilongjiang,China,47.862,127.7615,3/2/20,480,13
Henan,China,33.882,113.614,3/2/20,1272,22
Hong Kong,China,22.3,114.2,3/2/20,100,2
Hubei,China,30.9756,112.2707,3/2/20,67103,2803
Hunan,China,27.6104,111.7088,3/2/20,1018,4
Inner Mongolia,China,44.0935,113.9448,3/2/20,75,0
Jiangsu,China,32.9711,119.455,3/2/20,631,0
Jiangxi,China,27.614,115.7221,3/2/20,935,1
Jilin,China,43.6661,126.1923,3/2/20,93,1
Liaoning,China,41.2956,122.6085,3/2/20,122,1
Macau,China,22.1667,113.55,3/2/20,10,0
Ningxia,China,37.2692,106.1655,3/2/20,74,0
Qinghai,China,35.7452,95.9956,3/2/20,18,0
Shaanxi,China,35.1917,108.8701,3/2/20,245,1
Shandong,China,36.3427,118.1498,3/2/20,758,6
Shanghai,China,31.202,121.4491,3/2/20,337,3
Shanxi,China,37.5777,112.2922,3/2/20,133,0
Sichuan,China,30.6171,102.7103,3/2/20,538,3
Tianjin,China,39.3054,117.323,3/2/20,136,3
Tibet,China,31.6927,88.0924,3/2/20,1,0
Xinjiang,China,41.1129,85.2401,3/2/20,76,3
Yunnan,China,24.974,101.487,3/2/20,174,2
Zhejiang,China,29.1832,120.0934,3/2/20,1206,1
Anhui,China,31.8257,117.2264,3/3/20,990,6
Beijing,China,40.1824,116.4142,3/3/20,414,8
Chongqing,China,30.0572,107.874,3/3/20,576,6
Fujian,China,26.0789,117.9874,3/3/20,296,1
Gansu,China,37.8099,101.0583,3/3/20,91,2
Guangdong,China,23.3417,113.4244,3/3/20,1350,7
Guangxi,China,23.8298,108.7881,3/3/20,252,2
Guizhou,China,26.8154,106.8748,3/3/20,146,2
Hainan,China,19.1959,109.7453,3/3/20,168,5
Hebei,China,39.549,116.1306,3/3/20,318,6
Heilongjiang,China,47.862,127.7615,3/3/20,480,13
Henan,China,33.882,113.614,3/3/20,1272,22
Hong Kong,China,22.3,114.2,3/3/20,100,2
Hubei,China,30.9756,112.2707,3/3/20,67217,2835
Hunan,China,27.6104,111.7088,3/3/20,1018,4
Inner Mongolia,China,44.0935,113.9448,3/3/20,75,1
Jiangsu,China,32.9711,119.455,3/3/20,631,0
Jiangxi,China,27.614,115.7221,3/3/20,935,1
Jilin,China,43.6661,126.1923,3/3/20,93,1
Liaoning,China,41.2956,122.6085,3/3/20,125,1
Macau,China,22.1667,113.55,3/3/20,10,0
Ningxia,China,37.2692,106.1655,3/3/20,74,0
Qinghai,China,35.7452,95.9956,3/3/20,18,0
Shaanxi,China,35.1917,108.8701,3/3/20,245,1
Shandong,China,36.3427,118.1498,3/3/20,758,6
Shanghai,China,31.202,121.4491,3/3/20,338,3
Shanxi,China,37.5777,112.2922,3/3/20,133,0
Sichuan,China,30.6171,102.7103,3/3/20,538,3
Tianjin,China,39.3054,117.323,3/3/20,136,3
Tibet,China,31.6927,88.0924,3/3/20,1,0
Xinjiang,China,41.1129,85.2401,3/3/20,76,3
Yunnan,China,24.974,101.487,3/3/20,174,2
Zhejiang,China,29.1832,120.0934,3/3/20,1213,1
Anhui,China,31.8257,117.2264,3/4/20,990,6
Beijing,China,40.1824,116.4142,3/4/20,418,8
Chongqing,China,30.0572,107.874,3/4/20,576,6
Fujian,China,26.0789,117.9874,3/4/20,296,1
Gansu,China,37.8099,101.0583,3/4/20,91,2
Guangdong,China,23.3417,113.4244,3/4/20,1350,7
Guangxi,China,23.8298,108.7881,3/4/20,252,2
Guizhou,China,26.8154,106.8748,3/4/20,146,2
Hainan,China,19.1959,109.7453,3/4/20,168,5
Hebei,China,39.549,116.1306,3/4/20,318,6
Heilongjiang,China,47.862,127.7615,3/4/20,480,13
Henan,China,33.882,113.614,3/4/20,1272,22
Hong Kong,China,22.3,114.2,3/4/20,105,2
Hubei,China,30.9756,112.2707,3/4/20,67332,2871
Hunan,China,27.6104,111.7088,3/4/20,1018,4
Inner Mongolia,China,44.0935,113.9448,3/4/20,75,1
Jiangsu,China,32.9711,119.455,3/4/20,631,0
Jiangxi,China,27.614,115.7221,3/4/20,935,1
Jilin,China,43.6661,126.1923,3/4/20,93,1
Liaoning,China,41.2956,122.6085,3/4/20,125,1
Macau,China,22.1667,113.55,3/4/20,10,0
Ningxia,China,37.2692,106.1655,3/4/20,75,0
Qinghai,China,35.7452,95.9956,3/4/20,18,0
Shaanxi,China,35.1917,108.8701,3/4/20,245,1
Shandong,China,36.3427,118.1498,3/4/20,758,6
Shanghai,China,31.202,121.4491,3/4/20,338,3
Shanxi,China,37.5777,112.2922,3/4/20,133,0
Sichuan,China,30.6171,102.7103,3/4/20,538,3
Tianjin,China,39.3054,117.323,3/4/20,136,3
Tibet,China,31.6927,88.0924,3/4/20,1,0
Xinjiang,China,41.1129,85.2401,3/4/20,76,3
Yunnan,China,24.974,101.487,3/4/20,174,2
Zhejiang,China,29.1832,120.0934,3/4/20,1213,1
Anhui,China,31.8257,117.2264,3/5/20,990,6
Beijing,China,40.1824,116.4142,3/5/20,418,8
Chongqing,China,30.0572,107.874,3/5/20,576,6
Fujian,China,26.0789,117.9874,3/5/20,296,1
Gansu,China,37.8099,101.0583,3/5/20,102,2
Guangdong,China,23.3417,113.4244,3/5/20,1351,7
Guangxi,China,23.8298,108.7881,3/5/20,252,2
Guizhou,China,26.8154,106.8748,3/5/20,146,2
Hainan,China,19.1959,109.7453,3/5/20,168,6
Hebei,China,39.549,116.1306,3/5/20,318,6
Heilongjiang,China,47.862,127.7615,3/5/20,481,13
Henan,China,33.882,113.614,3/5/20,1272,22
Hong Kong,China,22.3,114.2,3/5/20,105,2
Hubei,China,30.9756,112.2707,3/5/20,67466,2902
Hunan,China,27.6104,111.7088,3/5/20,1018,4
Inner Mongolia,China,44.0935,113.9448,3/5/20,75,1
Jiangsu,China,32.9711,119.455,3/5/20,631,0
Jiangxi,China,27.614,115.7221,3/5/20,935,1
Jilin,China,43.6661,126.1923,3/5/20,93,1
Liaoning,China,41.2956,122.6085,3/5/20,125,1
Macau,China,22.1667,113.55,3/5/20,10,0
Ningxia,China,37.2692,106.1655,3/5/20,75,0
Qinghai,China,35.7452,95.9956,3/5/20,18,0
Shaanxi,China,35.1917,108.8701,3/5/20,245,1
Shandong,China,36.3427,118.1498,3/5/20,758,6
Shanghai,China,31.202,121.4491,3/5/20,339,3
Shanxi,China,37.5777,112.2922,3/5/20,133,0
Sichuan,China,30.6171,102.7103,3/5/20,539,3
Tianjin,China,39.3054,117.323,3/5/20,136,3
Tibet,China,31.6927,88.0924,3/5/20,1,0
Xinjiang,China,41.1129,85.2401,3/5/20,76,3
Yunnan,China,24.974,101.487,3/5/20,174,2
Zhejiang,China,29.1832,120.0934,3/5/20,1215,1
Anhui,China,31.8257,117.2264,3/6/20,990,6
Beijing,China,40.1824,116.4142,3/6/20,422,8
Chongqing,China,30.0572,107.874,3/6/20,576,6
Fujian,China,26.0789,117.9874,3/6/20,296,1
Gansu,China,37.8099,101.0583,3/6/20,119,2
Guangdong,China,23.3417,113.4244,3/6/20,1352,7
Guangxi,China,23.8298,108.7881,3/6/20,252,2
Guizhou,China,26.8154,106.8748,3/6/20,146,2
Hainan,China,19.1959,109.7453,3/6/20,168,6
Hebei,China,39.549,116.1306,3/6/20,318,6
Heilongjiang,China,47.862,127.7615,3/6/20,481,13
Henan,China,33.882,113.614,3/6/20,1272,22
Hong Kong,China,22.3,114.2,3/6/20,107,2
Hubei,China,30.9756,112.2707,3/6/20,67592,2931
Hunan,China,27.6104,111.7088,3/6/20,1018,4
Inner Mongolia,China,44.0935,113.9448,3/6/20,75,1
Jiangsu,China,32.9711,119.455,3/6/20,631,0
Jiangxi,China,27.614,115.7221,3/6/20,935,1
Jilin,China,43.6661,126.1923,3/6/20,93,1
Liaoning,China,41.2956,122.6085,3/6/20,125,1
Macau,China,22.1667,113.55,3/6/20,10,0
Ningxia,China,37.2692,106.1655,3/6/20,75,0
Qinghai,China,35.7452,95.9956,3/6/20,18,0
Shaanxi,China,35.1917,108.8701,3/6/20,245,1
Shandong,China,36.3427,118.1498,3/6/20,758,6
Shanghai,China,31.202,121.4491,3/6/20,342,3
Shanxi,China,37.5777,112.2922,3/6/20,133,0
Sichuan,China,30.6171,102.7103,3/6/20,539,3
Tianjin,China,39.3054,117.323,3/6/20,136,3
Tibet,China,31.6927,88.0924,3/6/20,1,0
Xinjiang,China,41.1129,85.2401,3/6/20,76,3
Yunnan,China,24.974,101.487,3/6/20,174,2
Zhejiang,China,29.1832,120.0934,3/6/20,1215,1
Anhui,China,31.8257,117.2264,3/7/20,990,6
Beijing,China,40.1824,116.4142,3/7/20,426,8
Chongqing,China,30.0572,107.874,3/7/20,576,6
Fujian,China,26.0789,117.9874,3/7/20,296,1
Gansu,China,37.8099,101.0583,3/7/20,120,2
Guangdong,China,23.3417,113.4244,3/7/20,1352,7
Guangxi,China,23.8298,108.7881,3/7/20,252,2
Guizhou,China,26.8154,106.8748,3/7/20,146,2
Hainan,China,19.1959,109.7453,3/7/20,168,6
Hebei,China,39.549,116.1306,3/7/20,318,6
Heilongjiang,China,47.862,127.7615,3/7/20,481,13
Henan,China,33.882,113.614,3/7/20,1272,22
Hong Kong,China,22.3,114.2,3/7/20,108,2
Hubei,China,30.9756,112.2707,3/7/20,67666,2959
Hunan,China,27.6104,111.7088,3/7/20,1018,4
Inner Mongolia,China,44.0935,113.9448,3/7/20,75,1
Jiangsu,China,32.9711,119.455,3/7/20,631,0
Jiangxi,China,27.614,115.7221,3/7/20,935,1
Jilin,China,43.6661,126.1923,3/7/20,93,1
Liaoning,China,41.2956,122.6085,3/7/20,125,1
Macau,China,22.1667,113.55,3/7/20,10,0
Ningxia,China,37.2692,106.1655,3/7/20,75,0
Qinghai,China,35.7452,95.9956,3/7/20,18,0
Shaanxi,China,35.1917,108.8701,3/7/20,245,1
Shandong,China,36.3427,118.1498,3/7/20,758,6
Shanghai,China,31.202,121.4491,3/7/20,342,3
Shanxi,China,37.5777,112.2922,3/7/20,133,0
Sichuan,China,30.6171,102.7103,3/7/20,539,3
Tianjin,China,39.3054,117.323,3/7/20,136,3
Tibet,China,31.6927,88.0924,3/7/20,1,0
Xinjiang,China,41.1129,85.2401,3/7/20,76,3
Yunnan,China,24.974,101.487,3/7/20,174,2
Zhejiang,China,29.1832,120.0934,3/7/20,1215,1
Anhui,China,31.8257,117.2264,3/8/20,990,6
Beijing,China,40.1824,116.4142,3/8/20,428,8
Chongqing,China,30.0572,107.874,3/8/20,576,6
Fujian,China,26.0789,117.9874,3/8/20,296,1
Gansu,China,37.8099,101.0583,3/8/20,124,2
Guangdong,China,23.3417,113.4244,3/8/20,1352,7
Guangxi,China,23.8298,108.7881,3/8/20,252,2
Guizhou,China,26.8154,106.8748,3/8/20,146,2
Hainan,China,19.1959,109.7453,3/8/20,168,6
Hebei,China,39.549,116.1306,3/8/20,318,6
Heilongjiang,China,47.862,127.7615,3/8/20,481,13
Henan,China,33.882,113.614,3/8/20,1272,22
Hong Kong,China,22.3,114.2,3/8/20,114,3
Hubei,China,30.9756,112.2707,3/8/20,67707,2986
Hunan,China,27.6104,111.7088,3/8/20,1018,4
Inner Mongolia,China,44.0935,113.9448,3/8/20,75,1
Jiangsu,China,32.9711,119.455,3/8/20,631,0
Jiangxi,China,27.614,115.7221,3/8/20,935,1
Jilin,China,43.6661,126.1923,3/8/20,93,1
Liaoning,China,41.2956,122.6085,3/8/20,125,1
Macau,China,22.1667,113.55,3/8/20,10,0
Ningxia,China,37.2692,106.1655,3/8/20,75,0
Qinghai,China,35.7452,95.9956,3/8/20,18,0
Shaanxi,China,35.1917,108.8701,3/8/20,245,1
Shandong,China,36.3427,118.1498,3/8/20,758,6
Shanghai,China,31.202,121.4491,3/8/20,342,3
Shanxi,China,37.5777,112.2922,3/8/20,133,0
Sichuan,China,30.6171,102.7103,3/8/20,539,3
Tianjin,China,39.3054,117.323,3/8/20,136,3
Tibet,China,31.6927,88.0924,3/8/20,1,0
Xinjiang,China,41.1129,85.2401,3/8/20,76,3
Yunnan,China,24.974,101.487,3/8/20,174,2
Zhejiang,China,29.1832,120.0934,3/8/20,1215,1
Anhui,China,31.8257,117.2264,3/9/20,990,6
Beijing,China,40.1824,116.4142,3/9/20,428,8
Chongqing,China,30.0572,107.874,3/9/20,576,6
Fujian,China,26.0789,117.9874,3/9/20,296,1
Gansu,China,37.8099,101.0583,3/9/20,124,2
Guangdong,China,23.3417,113.4244,3/9/20,1352,8
Guangxi,China,23.8298,108.7881,3/9/20,252,2
Guizhou,China,26.8154,106.8748,3/9/20,146,2
Hainan,China,19.1959,109.7453,3/9/20,168,6
Hebei,China,39.549,116.1306,3/9/20,318,6
Heilongjiang,China,47.862,127.7615,3/9/20,481,13
Henan,China,33.882,113.614,3/9/20,1272,22
Hong Kong,China,22.3,114.2,3/9/20,115,3
Hubei,China,30.9756,112.2707,3/9/20,67743,3008
Hunan,China,27.6104,111.7088,3/9/20,1018,4
Inner Mongolia,China,44.0935,113.9448,3/9/20,75,1
Jiangsu,China,32.9711,119.455,3/9/20,631,0
Jiangxi,China,27.614,115.7221,3/9/20,935,1
Jilin,China,43.6661,126.1923,3/9/20,93,1
Liaoning,China,41.2956,122.6085,3/9/20,125,1
Macau,China,22.1667,113.55,3/9/20,10,0
Ningxia,China,37.2692,106.1655,3/9/20,75,0
Qinghai,China,35.7452,95.9956,3/9/20,18,0
Shaanxi,China,35.1917,108.8701,3/9/20,245,1
Shandong,China,36.3427,118.1498,3/9/20,758,6
Shanghai,China,31.202,121.4491,3/9/20,342,3
Shanxi,China,37.5777,112.2922,3/9/20,133,0
Sichuan,China,30.6171,102.7103,3/9/20,539,3
Tianjin,China,39.3054,117.323,3/9/20,136,3
Tibet,China,31.6927,88.0924,3/9/20,1,0
Xinjiang,China,41.1129,85.2401,3/9/20,76,3
Yunnan,China,24.974,101.487,3/9/20,174,2
Zhejiang,China,29.1832,120.0934,3/9/20,1215,1
Anhui,China,31.8257,117.2264,3/10/20,990,6
Beijing,China,40.1824,116.4142,3/10/20,429,8
Chongqing,China,30.0572,107.874,3/10/20,576,6
Fujian,China,26.0789,117.9874,3/10/20,296,1
Gansu,China,37.8099,101.0583,3/10/20,125,2
Guangdong,China,23.3417,113.4244,3/10/20,1353,8
Guangxi,China,23.8298,108.7881,3/10/20,252,2
Guizhou,China,26.8154,106.8748,3/10/20,146,2
Hainan,China,19.1959,109.7453,3/10/20,168,6
Hebei,China,39.549,116.1306,3/10/20,318,6
Heilongjiang,China,47.862,127.7615,3/10/20,481,13
Henan,China,33.882,113.614,3/10/20,1272,22
Hong Kong,China,22.3,114.2,3/10/20,120,3
Hubei,China,30.9756,112.2707,3/10/20,67760,3024
Hunan,China,27.6104,111.7088,3/10/20,1018,4
Inner Mongolia,China,44.0935,113.9448,3/10/20,75,1
Jiangsu,China,32.9711,119.455,3/10/20,631,0
Jiangxi,China,27.614,115.7221,3/10/20,935,1
Jilin,China,43.6661,126.1923,3/10/20,93,1
Liaoning,China,41.2956,122.6085,3/10/20,125,1
Macau,China,22.1667,113.55,3/10/20,10,0
Ningxia,China,37.2692,106.1655,3/10/20,75,0
Qinghai,China,35.7452,95.9956,3/10/20,18,0
Shaanxi,China,35.1917,108.8701,3/10/20,245,1
Shandong,China,36.3427,118.1498,3/10/20,758,6
Shanghai,China,31.202,121.4491,3/10/20,344,3
Shanxi,China,37.5777,112.2922,3/10/20,133,0
Sichuan,China,30.6171,102.7103,3/10/20,539,3
Tianjin,China,39.3054,117.323,3/10/20,136,3
Tibet,China,31.6927,88.0924,3/10/20,1,0
Xinjiang,China,41.1129,85.2401,3/10/20,76,3
Yunnan,China,24.974,101.487,3/10/20,174,2
Zhejiang,China,29.1832,120.0934,3/10/20,1215,1
Anhui,China,31.8257,117.2264,3/11/20,990,6
Beijing,China,40.1824,116.4142,3/11/20,435,8
Chongqing,China,30.0572,107.874,3/11/20,576,6
Fujian,China,26.0789,117.9874,3/11/20,296,1
Gansu,China,37.8099,101.0583,3/11/20,127,2
Guangdong,China,23.3417,113.4244,3/11/20,1356,8
Guangxi,China,23.8298,108.7881,3/11/20,252,2
Guizhou,China,26.8154,106.8748,3/11/20,146,2
Hainan,China,19.1959,109.7453,3/11/20,168,6
Hebei,China,39.549,116.1306,3/11/20,318,6
Heilongjiang,China,47.862,127.7615,3/11/20,482,13
Henan,China,33.882,113.614,3/11/20,1273,22
Hong Kong,China,22.3,114.2,3/11/20,126,3
Hubei,China,30.9756,112.2707,3/11/20,67773,3046
Hunan,China,27.6104,111.7088,3/11/20,1018,4
Inner Mongolia,China,44.0935,113.9448,3/11/20,75,1
Jiangsu,China,32.9711,119.455,3/11/20,631,0
Jiangxi,China,27.614,115.7221,3/11/20,935,1
Jilin,China,43.6661,126.1923,3/11/20,93,1
Liaoning,China,41.2956,122.6085,3/11/20,125,1
Macau,China,22.1667,113.55,3/11/20,10,0
Ningxia,China,37.2692,106.1655,3/11/20,75,0
Qinghai,China,35.7452,95.9956,3/11/20,18,0
Shaanxi,China,35.1917,108.8701,3/11/20,245,1
Shandong,China,36.3427,118.1498,3/11/20,760,6
Shanghai,China,31.202,121.4491,3/11/20,344,3
Shanxi,China,37.5777,112.2922,3/11/20,133,0
Sichuan,China,30.6171,102.7103,3/11/20,539,3
Tianjin,China,39.3054,117.323,3/11/20,136,3
Tibet,China,31.6927,88.0924,3/11/20,1,0
Xinjiang,China,41.1129,85.2401,3/11/20,76,3
Yunnan,China,24.974,101.487,3/11/20,174,2
Zhejiang,China,29.1832,120.0934,3/11/20,1215,1
Anhui,China,31.8257,117.2264,3/12/20,990,6
Beijing,China,40.1824,116.4142,3/12/20,435,8
Chongqing,China,30.0572,107.874,3/12/20,576,6
Fujian,China,26.0789,117.9874,3/12/20,296,1
Gansu,China,37.8099,101.0583,3/12/20,127,2
Guangdong,China,23.3417,113.4244,3/12/20,1356,8
Guangxi,China,23.8298,108.7881,3/12/20,252,2
Guizhou,China,26.8154,106.8748,3/12/20,146,2
Hainan,China,19.1959,109.7453,3/12/20,168,6
Hebei,China,39.549,116.1306,3/12/20,318,6
Heilongjiang,China,47.862,127.7615,3/12/20,482,13
Henan,China,33.882,113.614,3/12/20,1273,22
Hong Kong,China,22.3,114.2,3/12/20,129,3
Hubei,China,30.9756,112.2707,3/12/20,67781,3056
Hunan,China,27.6104,111.7088,3/12/20,1018,4
Inner Mongolia,China,44.0935,113.9448,3/12/20,75,1
Jiangsu,China,32.9711,119.455,3/12/20,631,0
Jiangxi,China,27.614,115.7221,3/12/20,935,1
Jilin,China,43.6661,126.1923,3/12/20,93,1
Liaoning,China,41.2956,122.6085,3/12/20,125,1
Macau,China,22.1667,113.55,3/12/20,10,0
Ningxia,China,37.2692,106.1655,3/12/20,75,0
Qinghai,China,35.7452,95.9956,3/12/20,18,0
Shaanxi,China,35.1917,108.8701,3/12/20,245,2
Shandong,China,36.3427,118.1498,3/12/20,760,6
Shanghai,China,31.202,121.4491,3/12/20,344,3
Shanxi,China,37.5777,112.2922,3/12/20,133,0
Sichuan,China,30.6171,102.7103,3/12/20,539,3
Tianjin,China,39.3054,117.323,3/12/20,136,3
Tibet,China,31.6927,88.0924,3/12/20,1,0
Xinjiang,China,41.1129,85.2401,3/12/20,76,3
Yunnan,China,24.974,101.487,3/12/20,174,2
Zhejiang,China,29.1832,120.0934,3/12/20,1215,1
Anhui,China,31.8257,117.2264,3/13/20,990,6
Beijing,China,40.1824,116.4142,3/13/20,436,8
Chongqing,China,30.0572,107.874,3/13/20,576,6
Fujian,China,26.0789,117.9874,3/13/20,296,1
Gansu,China,37.8099,101.0583,3/13/20,127,2
Guangdong,China,23.3417,113.4244,3/13/20,1356,8
Guangxi,China,23.8298,108.7881,3/13/20,252,2
Guizhou,China,26.8154,106.8748,3/13/20,146,2
Hainan,China,19.1959,109.7453,3/13/20,168,6
Hebei,China,39.549,116.1306,3/13/20,318,6
Heilongjiang,China,47.862,127.7615,3/13/20,482,13
Henan,China,33.882,113.614,3/13/20,1273,22
Hong Kong,China,22.3,114.2,3/13/20,134,4
Hubei,China,30.9756,112.2707,3/13/20,67786,3062
Hunan,China,27.6104,111.7088,3/13/20,1018,4
Inner Mongolia,China,44.0935,113.9448,3/13/20,75,1
Jiangsu,China,32.9711,119.455,3/13/20,631,0
Jiangxi,China,27.614,115.7221,3/13/20,935,1
Jilin,China,43.6661,126.1923,3/13/20,93,1
Liaoning,China,41.2956,122.6085,3/13/20,125,1
Macau,China,22.1667,113.55,3/13/20,10,0
Ningxia,China,37.2692,106.1655,3/13/20,75,0
Qinghai,China,35.7452,95.9956,3/13/20,18,0
Shaanxi,China,35.1917,108.8701,3/13/20,245,2
Shandong,China,36.3427,118.1498,3/13/20,760,7
Shanghai,China,31.202,121.4491,3/13/20,346,3
Shanxi,China,37.5777,112.2922,3/13/20,133,0
Sichuan,China,30.6171,102.7103,3/13/20,539,3
Tianjin,China,39.3054,117.323,3/13/20,136,3
Tibet,China,31.6927,88.0924,3/13/20,1,0
Xinjiang,China,41.1129,85.2401,3/13/20,76,3
Yunnan,China,24.974,101.487,3/13/20,174,2
Zhejiang,China,29.1832,120.0934,3/13/20,1215,1
Anhui,China,31.8257,117.2264,3/14/20,990,6
Beijing,China,40.1824,116.4142,3/14/20,437,8
Chongqing,China,30.0572,107.874,3/14/20,576,6
Fujian,China,26.0789,117.9874,3/14/20,296,1
Gansu,China,37.8099,101.0583,3/14/20,129,2
Guangdong,China,23.3417,113.4244,3/14/20,1356,8
Guangxi,China,23.8298,108.7881,3/14/20,252,2
Guizhou,China,26.8154,106.8748,3/14/20,146,2
Hainan,China,19.1959,109.7453,3/14/20,168,6
Hebei,China,39.549,116.1306,3/14/20,318,6
Heilongjiang,China,47.862,127.7615,3/14/20,482,13
Henan,China,33.882,113.614,3/14/20,1273,22
Hong Kong,China,22.3,114.2,3/14/20,140,4
Hubei,China,30.9756,112.2707,3/14/20,67790,3075
Hunan,China,27.6104,111.7088,3/14/20,1018,4
Inner Mongolia,China,44.0935,113.9448,3/14/20,75,1
Jiangsu,China,32.9711,119.455,3/14/20,631,0
Jiangxi,China,27.614,115.7221,3/14/20,935,1
Jilin,China,43.6661,126.1923,3/14/20,93,1
Liaoning,China,41.2956,122.6085,3/14/20,125,1
Macau,China,22.1667,113.55,3/14/20,10,0
Ningxia,China,37.2692,106.1655,3/14/20,75,0
Qinghai,China,35.7452,95.9956,3/14/20,18,0
Shaanxi,China,35.1917,108.8701,3/14/20,245,2
Shandong,China,36.3427,118.1498,3/14/20,760,7
Shanghai,China,31.202,121.4491,3/14/20,353,3
Shanxi,China,37.5777,112.2922,3/14/20,133,0
Sichuan,China,30.6171,102.7103,3/14/20,539,3
Tianjin,China,39.3054,117.323,3/14/20,136,3
Tibet,China,31.6927,88.0924,3/14/20,1,0
Xinjiang,China,41.1129,85.2401,3/14/20,76,3
Yunnan,China,24.974,101.487,3/14/20,174,2
Zhejiang,China,29.1832,120.0934,3/14/20,1227,1
Anhui,China,31.8257,117.2264,3/15/20,990,6
Beijing,China,40.1824,116.4142,3/15/20,442,8
Chongqing,China,30.0572,107.874,3/15/20,576,6
Fujian,China,26.0789,117.9874,3/15/20,296,1
Gansu,China,37.8099,101.0583,3/15/20,133,2
Guangdong,China,23.3417,113.4244,3/15/20,1360,8
Guangxi,China,23.8298,108.7881,3/15/20,252,2
Guizhou,China,26.8154,106.8748,3/15/20,146,2
Hainan,China,19.1959,109.7453,3/15/20,168,6
Hebei,China,39.549,116.1306,3/15/20,318,6
Heilongjiang,China,47.862,127.7615,3/15/20,482,13
Henan,China,33.882,113.614,3/15/20,1273,22
Hong Kong,China,22.3,114.2,3/15/20,145,4
Hubei,China,30.9756,112.2707,3/15/20,67794,3085
Hunan,China,27.6104,111.7088,3/15/20,1018,4
Inner Mongolia,China,44.0935,113.9448,3/15/20,75,1
Jiangsu,China,32.9711,119.455,3/15/20,631,0
Jiangxi,China,27.614,115.7221,3/15/20,935,1
Jilin,China,43.6661,126.1923,3/15/20,93,1
Liaoning,China,41.2956,122.6085,3/15/20,125,1
Macau,China,22.1667,113.55,3/15/20,10,0
Ningxia,China,37.2692,106.1655,3/15/20,75,0
Qinghai,China,35.7452,95.9956,3/15/20,18,0
Shaanxi,China,35.1917,108.8701,3/15/20,245,2
Shandong,China,36.3427,118.1498,3/15/20,760,7
Shanghai,China,31.202,121.4491,3/15/20,353,3
Shanxi,China,37.5777,112.2922,3/15/20,133,0
Sichuan,China,30.6171,102.7103,3/15/20,539,3
Tianjin,China,39.3054,117.323,3/15/20,136,3
Tibet,China,31.6927,88.0924,3/15/20,1,0
Xinjiang,China,41.1129,85.2401,3/15/20,76,3
Yunnan,China,24.974,101.487,3/15/20,174,2
Zhejiang,China,29.1832,120.0934,3/15/20,1231,1
Anhui,China,31.8257,117.2264,3/16/20,990,6
Beijing,China,40.1824,116.4142,3/16/20,452,8
Chongqing,China,30.0572,107.874,3/16/20,576,6
Fujian,China,26.0789,117.9874,3/16/20,296,1
Gansu,China,37.8099,101.0583,3/16/20,133,2
Guangdong,China,23.3417,113.4244,3/16/20,1361,8
Guangxi,China,23.8298,108.7881,3/16/20,252,2
Guizhou,China,26.8154,106.8748,3/16/20,146,2
Hainan,China,19.1959,109.7453,3/16/20,168,6
Hebei,China,39.549,116.1306,3/16/20,318,6
Heilongjiang,China,47.862,127.7615,3/16/20,482,13
Henan,China,33.882,113.614,3/16/20,1273,22
Hong Kong,China,22.3,114.2,3/16/20,155,4
Hubei,China,30.9756,112.2707,3/16/20,67798,3099
Hunan,China,27.6104,111.7088,3/16/20,1018,4
Inner Mongolia,China,44.0935,113.9448,3/16/20,75,1
Jiangsu,China,32.9711,119.455,3/16/20,631,0
Jiangxi,China,27.614,115.7221,3/16/20,935,1
Jilin,China,43.6661,126.1923,3/16/20,93,1
Liaoning,China,41.2956,122.6085,3/16/20,125,1
Macau,China,22.1667,113.55,3/16/20,11,0
Ningxia,China,37.2692,106.1655,3/16/20,75,0
Qinghai,China,35.7452,95.9956,3/16/20,18,0
Shaanxi,China,35.1917,108.8701,3/16/20,245,2
Shandong,China,36.3427,118.1498,3/16/20,760,7
Shanghai,China,31.202,121.4491,3/16/20,355,3
Shanxi,China,37.5777,112.2922,3/16/20,133,0
Sichuan,China,30.6171,102.7103,3/16/20,539,3
Tianjin,China,39.3054,117.323,3/16/20,136,3
Tibet,China,31.6927,88.0924,3/16/20,1,0
Xinjiang,China,41.1129,85.2401,3/16/20,76,3
Yunnan,China,24.974,101.487,3/16/20,176,2
Zhejiang,China,29.1832,120.0934,3/16/20,1231,1
Anhui,China,31.8257,117.2264,3/17/20,990,6
Beijing,China,40.1824,116.4142,3/17/20,456,8
Chongqing,China,30.0572,107.874,3/17/20,576,6
Fujian,China,26.0789,117.9874,3/17/20,296,1
Gansu,China,37.8099,101.0583,3/17/20,133,2
Guangdong,China,23.3417,113.4244,3/17/20,1364,8
Guangxi,China,23.8298,108.7881,3/17/20,253,2
Guizhou,China,26.8154,106.8748,3/17/20,147,2
Hainan,China,19.1959,109.7453,3/17/20,168,6
Hebei,China,39.549,116.1306,3/17/20,318,6
Heilongjiang,China,47.862,127.7615,3/17/20,482,13
Henan,China,33.882,113.614,3/17/20,1273,22
Hong Kong,China,22.3,114.2,3/17/20,162,4
Hubei,China,30.9756,112.2707,3/17/20,67799,3111
Hunan,China,27.6104,111.7088,3/17/20,1018,4
Inner Mongolia,China,44.0935,113.9448,3/17/20,75,1
Jiangsu,China,32.9711,119.455,3/17/20,631,0
Jiangxi,China,27.614,115.7221,3/17/20,935,1
Jilin,China,43.6661,126.1923,3/17/20,93,1
Liaoning,China,41.2956,122.6085,3/17/20,125,1
Macau,China,22.1667,113.55,3/17/20,12,0
Ningxia,China,37.2692,106.1655,3/17/20,75,0
Qinghai,China,35.7452,95.9956,3/17/20,18,0
Shaanxi,China,35.1917,108.8701,3/17/20,246,3
Shandong,China,36.3427,118.1498,3/17/20,761,7
Shanghai,China,31.202,121.4491,3/17/20,358,3
Shanxi,China,37.5777,112.2922,3/17/20,133,0
Sichuan,China,30.6171,102.7103,3/17/20,540,3
Tianjin,China,39.3054,117.323,3/17/20,136,3
Tibet,China,31.6927,88.0924,3/17/20,1,0
Xinjiang,China,41.1129,85.2401,3/17/20,76,3
Yunnan,China,24.974,101.487,3/17/20,176,2
Zhejiang,China,29.1832,120.0934,3/17/20,1232,1
Anhui,China,31.8257,117.2264,3/18/20,990,6
Beijing,China,40.1824,116.4142,3/18/20,469,8
Chongqing,China,30.0572,107.874,3/18/20,576,6
Fujian,China,26.0789,117.9874,3/18/20,296,1
Gansu,China,37.8099,101.0583,3/18/20,133,2
Guangdong,China,23.3417,113.4244,3/18/20,1370,8
Guangxi,China,23.8298,108.7881,3/18/20,253,2
Guizhou,China,26.8154,106.8748,3/18/20,146,2
Hainan,China,19.1959,109.7453,3/18/20,168,6
Hebei,China,39.549,116.1306,3/18/20,318,6
Heilongjiang,China,47.862,127.7615,3/18/20,482,13
Henan,China,33.882,113.614,3/18/20,1273,22
Hong Kong,China,22.3,114.2,3/18/20,181,4
Hubei,China,30.9756,112.2707,3/18/20,67800,3122
Hunan,China,27.6104,111.7088,3/18/20,1018,4
Inner Mongolia,China,44.0935,113.9448,3/18/20,75,1
Jiangsu,China,32.9711,119.455,3/18/20,631,0
Jiangxi,China,27.614,115.7221,3/18/20,935,1
Jilin,China,43.6661,126.1923,3/18/20,93,1
Liaoning,China,41.2956,122.6085,3/18/20,125,1
Macau,China,22.1667,113.55,3/18/20,15,0
Ningxia,China,37.2692,106.1655,3/18/20,75,0
Qinghai,China,35.7452,95.9956,3/18/20,18,0
Shaanxi,China,35.1917,108.8701,3/18/20,246,3
Shandong,China,36.3427,118.1498,3/18/20,761,7
Shanghai,China,31.202,121.4491,3/18/20,361,3
Shanxi,China,37.5777,112.2922,3/18/20,133,0
Sichuan,China,30.6171,102.7103,3/18/20,540,3
Tianjin,China,39.3054,117.323,3/18/20,136,3
Tibet,China,31.6927,88.0924,3/18/20,1,0
Xinjiang,China,41.1129,85.2401,3/18/20,76,3
Yunnan,China,24.974,101.487,3/18/20,176,2
Zhejiang,China,29.1832,120.0934,3/18/20,1232,1
Anhui,China,31.8257,117.2264,3/19/20,990,6
Beijing,China,40.1824,116.4142,3/19/20,480,8
Chongqing,China,30.0572,107.874,3/19/20,576,6
Fujian,China,26.0789,117.9874,3/19/20,296,1
Gansu,China,37.8099,101.0583,3/19/20,134,2
Guangdong,China,23.3417,113.4244,3/19/20,1378,8
Guangxi,China,23.8298,108.7881,3/19/20,253,2
Guizhou,China,26.8154,106.8748,3/19/20,146,2
Hainan,China,19.1959,109.7453,3/19/20,168,6
Hebei,China,39.549,116.1306,3/19/20,318,6
Heilongjiang,China,47.862,127.7615,3/19/20,483,13
Henan,China,33.882,113.614,3/19/20,1273,22
Hong Kong,China,22.3,114.2,3/19/20,208,4
Hubei,China,30.9756,112.2707,3/19/20,67800,3130
Hunan,China,27.6104,111.7088,3/19/20,1018,4
Inner Mongolia,China,44.0935,113.9448,3/19/20,75,1
Jiangsu,China,32.9711,119.455,3/19/20,631,0
Jiangxi,China,27.614,115.7221,3/19/20,935,1
Jilin,China,43.6661,126.1923,3/19/20,93,1
Liaoning,China,41.2956,122.6085,3/19/20,125,1
Macau,China,22.1667,113.55,3/19/20,17,0
Ningxia,China,37.2692,106.1655,3/19/20,75,0
Qinghai,China,35.7452,95.9956,3/19/20,18,0
Shaanxi,China,35.1917,108.8701,3/19/20,246,3
Shandong,China,36.3427,118.1498,3/19/20,761,7
Shanghai,China,31.202,121.4491,3/19/20,363,3
Shanxi,China,37.5777,112.2922,3/19/20,133,0
Sichuan,China,30.6171,102.7103,3/19/20,540,3
Tianjin,China,39.3054,117.323,3/19/20,137,3
Tibet,China,31.6927,88.0924,3/19/20,1,0
Xinjiang,China,41.1129,85.2401,3/19/20,76,3
Yunnan,China,24.974,101.487,3/19/20,176,2
Zhejiang,China,29.1832,120.0934,3/19/20,1233,1
Anhui,China,31.8257,117.2264,3/20/20,990,6
Beijing,China,40.1824,116.4142,3/20/20,491,8
Chongqing,China,30.0572,107.874,3/20/20,576,6
Fujian,China,26.0789,117.9874,3/20/20,299,1
Gansu,China,37.8099,101.0583,3/20/20,134,2
Guangdong,China,23.3417,113.4244,3/20/20,1395,8
Guangxi,China,23.8298,108.7881,3/20/20,254,2
Guizhou,China,26.8154,106.8748,3/20/20,146,2
Hainan,China,19.1959,109.7453,3/20/20,168,6
Hebei,China,39.549,116.1306,3/20/20,318,6
Heilongjiang,China,47.862,127.7615,3/20/20,484,13
Henan,China,33.882,113.614,3/20/20,1273,22
Hong Kong,China,22.3,114.2,3/20/20,256,4
Hubei,China,30.9756,112.2707,3/20/20,67800,3133
Hunan,China,27.6104,111.7088,3/20/20,1018,4
Inner Mongolia,China,44.0935,113.9448,3/20/20,75,1
Jiangsu,China,32.9711,119.455,3/20/20,631,0
Jiangxi,China,27.614,115.7221,3/20/20,935,1
Jilin,China,43.6661,126.1923,3/20/20,93,1
Liaoning,China,41.2956,122.6085,3/20/20,126,2
Macau,China,22.1667,113.55,3/20/20,17,0
Ningxia,China,37.2692,106.1655,3/20/20,75,0
Qinghai,China,35.7452,95.9956,3/20/20,18,0
Shaanxi,China,35.1917,108.8701,3/20/20,247,3
Shandong,China,36.3427,118.1498,3/20/20,762,7
Shanghai,China,31.202,121.4491,3/20/20,371,3
Shanxi,China,37.5777,112.2922,3/20/20,133,0
Sichuan,China,30.6171,102.7103,3/20/20,541,3
Tianjin,China,39.3054,117.323,3/20/20,137,3
Tibet,China,31.6927,88.0924,3/20/20,1,0
Xinjiang,China,41.1129,85.2401,3/20/20,76,3
Yunnan,China,24.974,101.487,3/20/20,176,2
Zhejiang,China,29.1832,120.0934,3/20/20,1234,1
Anhui,China,31.8257,117.2264,3/21/20,990,6
Beijing,China,40.1824,116.4142,3/21/20,504,8
Chongqing,China,30.0572,107.874,3/21/20,576,6
Fujian,China,26.0789,117.9874,3/21/20,303,1
Gansu,China,37.8099,101.0583,3/21/20,134,2
Guangdong,China,23.3417,113.4244,3/21/20,1400,8
Guangxi,China,23.8298,108.7881,3/21/20,254,2
Guizhou,China,26.8154,106.8748,3/21/20,146,2
Hainan,China,19.1959,109.7453,3/21/20,168,6
Hebei,China,39.549,116.1306,3/21/20,318,6
Heilongjiang,China,47.862,127.7615,3/21/20,484,13
Henan,China,33.882,113.614,3/21/20,1273,22
Hong Kong,China,22.3,114.2,3/21/20,273,4
Hubei,China,30.9756,112.2707,3/21/20,67800,3139
Hunan,China,27.6104,111.7088,3/21/20,1018,4
Inner Mongolia,China,44.0935,113.9448,3/21/20,75,1
Jiangsu,China,32.9711,119.455,3/21/20,631,0
Jiangxi,China,27.614,115.7221,3/21/20,935,1
Jilin,China,43.6661,126.1923,3/21/20,93,1
Liaoning,China,41.2956,122.6085,3/21/20,126,2
Macau,China,22.1667,113.55,3/21/20,18,0
Ningxia,China,37.2692,106.1655,3/21/20,75,0
Qinghai,China,35.7452,95.9956,3/21/20,18,0
Shaanxi,China,35.1917,108.8701,3/21/20,248,3
Shandong,China,36.3427,118.1498,3/21/20,764,7
Shanghai,China,31.202,121.4491,3/21/20,380,3
Shanxi,China,37.5777,112.2922,3/21/20,133,0
Sichuan,China,30.6171,102.7103,3/21/20,542,3
Tianjin,China,39.3054,117.323,3/21/20,137,3
Tibet,China,31.6927,88.0924,3/21/20,1,0
Xinjiang,China,41.1129,85.2401,3/21/20,76,3
Yunnan,China,24.974,101.487,3/21/20,176,2
Zhejiang,China,29.1832,120.0934,3/21/20,1236,1
Anhui,China,31.8257,117.2264,3/22/20,990,6
Beijing,China,40.1824,116.4142,3/22/20,522,8
Chongqing,China,30.0572,107.874,3/22/20,577,6
Fujian,China,26.0789,117.9874,3/22/20,313,1
Gansu,China,37.8099,101.0583,3/22/20,136,2
Guangdong,China,23.3417,113.4244,3/22/20,1413,8
Guangxi,China,23.8298,108.7881,3/22/20,254,2
Guizhou,China,26.8154,106.8748,3/22/20,146,2
Hainan,China,19.1959,109.7453,3/22/20,168,6
Hebei,China,39.549,116.1306,3/22/20,319,6
Heilongjiang,China,47.862,127.7615,3/22/20,484,13
Henan,China,33.882,113.614,3/22/20,1274,22
Hong Kong,China,22.3,114.2,3/22/20,317,4
Hubei,China,30.9756,112.2707,3/22/20,67800,3153
Hunan,China,27.6104,111.7088,3/22/20,1018,4
Inner Mongolia,China,44.0935,113.9448,3/22/20,75,1
Jiangsu,China,32.9711,119.455,3/22/20,633,0
Jiangxi,China,27.614,115.7221,3/22/20,936,1
Jilin,China,43.6661,126.1923,3/22/20,93,1
Liaoning,China,41.2956,122.6085,3/22/20,127,2
Macau,China,22.1667,113.55,3/22/20,24,0
Ningxia,China,37.2692,106.1655,3/22/20,75,0
Qinghai,China,35.7452,95.9956,3/22/20,18,0
Shaanxi,China,35.1917,108.8701,3/22/20,248,3
Shandong,China,36.3427,118.1498,3/22/20,767,7
Shanghai,China,31.202,121.4491,3/22/20,404,4
Shanxi,China,37.5777,112.2922,3/22/20,133,0
Sichuan,China,30.6171,102.7103,3/22/20,543,3
Tianjin,China,39.3054,117.323,3/22/20,137,3
Tibet,China,31.6927,88.0924,3/22/20,1,0
Xinjiang,China,41.1129,85.2401,3/22/20,76,3
Yunnan,China,24.974,101.487,3/22/20,176,2
Zhejiang,China,29.1832,120.0934,3/22/20,1238,1
Anhui,China,31.8257,117.2264,3/23/20,990,6
Beijing,China,40.1824,116.4142,3/23/20,537,8
Chongqing,China,30.0572,107.874,3/23/20,578,6
Fujian,China,26.0789,117.9874,3/23/20,313,1
Gansu,China,37.8099,101.0583,3/23/20,136,2
Guangdong,China,23.3417,113.4244,3/23/20,1415,8
Guangxi,China,23.8298,108.7881,3/23/20,254,2
Guizhou,China,26.8154,106.8748,3/23/20,146,2
Hainan,China,19.1959,109.7453,3/23/20,168,6
Hebei,China,39.549,116.1306,3/23/20,319,6
Heilongjiang,China,47.862,127.7615,3/23/20,484,13
Henan,China,33.882,113.614,3/23/20,1274,22
Hong Kong,China,22.3,114.2,3/23/20,356,4
Hubei,China,30.9756,112.2707,3/23/20,67800,3153
Hunan,China,27.6104,111.7088,3/23/20,1018,4
Inner Mongolia,China,44.0935,113.9448,3/23/20,75,1
Jiangsu,China,32.9711,119.455,3/23/20,633,0
Jiangxi,China,27.614,115.7221,3/23/20,936,1
Jilin,China,43.6661,126.1923,3/23/20,93,1
Liaoning,China,41.2956,122.6085,3/23/20,127,2
Macau,China,22.1667,113.55,3/23/20,24,0
Ningxia,China,37.2692,106.1655,3/23/20,75,0
Qinghai,China,35.7452,95.9956,3/23/20,18,0
Shaanxi,China,35.1917,108.8701,3/23/20,248,3
Shandong,China,36.3427,118.1498,3/23/20,768,7
Shanghai,China,31.202,121.4491,3/23/20,404,4
Shanxi,China,37.5777,112.2922,3/23/20,134,0
Sichuan,China,30.6171,102.7103,3/23/20,543,3
Tianjin,China,39.3054,117.323,3/23/20,141,3
Tibet,China,31.6927,88.0924,3/23/20,1,0
Xinjiang,China,41.1129,85.2401,3/23/20,76,3
Yunnan,China,24.974,101.487,3/23/20,176,2
Zhejiang,China,29.1832,120.0934,3/23/20,1238,1
Anhui,China,31.8257,117.2264,3/24/20,990,6
Beijing,China,40.1824,116.4142,3/24/20,558,8
Chongqing,China,30.0572,107.874,3/24/20,578,6
Fujian,China,26.0789,117.9874,3/24/20,318,1
Gansu,China,37.8099,101.0583,3/24/20,136,2
Guangdong,China,23.3417,113.4244,3/24/20,1428,8
Guangxi,China,23.8298,108.7881,3/24/20,254,2
Guizhou,China,26.8154,106.8748,3/24/20,146,2
Hainan,China,19.1959,109.7453,3/24/20,168,6
Hebei,China,39.549,116.1306,3/24/20,319,6
Heilongjiang,China,47.862,127.7615,3/24/20,484,13
Henan,China,33.882,113.614,3/24/20,1274,22
Hong Kong,China,22.3,114.2,3/24/20,386,4
Hubei,China,30.9756,112.2707,3/24/20,67801,3160
Hunan,China,27.6104,111.7088,3/24/20,1018,4
Inner Mongolia,China,44.0935,113.9448,3/24/20,75,1
Jiangsu,China,32.9711,119.455,3/24/20,636,0
Jiangxi,China,27.614,115.7221,3/24/20,936,1
Jilin,China,43.6661,126.1923,3/24/20,93,1
Liaoning,China,41.2956,122.6085,3/24/20,127,2
Macau,China,22.1667,113.55,3/24/20,25,0
Ningxia,China,37.2692,106.1655,3/24/20,75,0
Qinghai,China,35.7452,95.9956,3/24/20,18,0
Shaanxi,China,35.1917,108.8701,3/24/20,249,3
Shandong,China,36.3427,118.1498,3/24/20,768,7
Shanghai,China,31.202,121.4491,3/24/20,414,4
Shanxi,China,37.5777,112.2922,3/24/20,134,0
Sichuan,China,30.6171,102.7103,3/24/20,545,3
Tianjin,China,39.3054,117.323,3/24/20,145,3
Tibet,China,31.6927,88.0924,3/24/20,1,0
Xinjiang,China,41.1129,85.2401,3/24/20,76,3
Yunnan,China,24.974,101.487,3/24/20,176,2
Zhejiang,China,29.1832,120.0934,3/24/20,1240,1
Anhui,China,31.8257,117.2264,3/25/20,990,6
Beijing,China,40.1824,116.4142,3/25/20,561,8
Chongqing,China,30.0572,107.874,3/25/20,578,6
Fujian,China,26.0789,117.9874,3/25/20,322,1
Gansu,China,37.8099,101.0583,3/25/20,136,2
Guangdong,China,23.3417,113.4244,3/25/20,1433,8
Guangxi,China,23.8298,108.7881,3/25/20,254,2
Guizhou,China,26.8154,106.8748,3/25/20,146,2
Hainan,China,19.1959,109.7453,3/25/20,168,6
Hebei,China,39.549,116.1306,3/25/20,319,6
Heilongjiang,China,47.862,127.7615,3/25/20,484,13
Henan,China,33.882,113.614,3/25/20,1274,22
Hong Kong,China,22.3,114.2,3/25/20,410,4
Hubei,China,30.9756,112.2707,3/25/20,67801,3163
Hunan,China,27.6104,111.7088,3/25/20,1018,4
Inner Mongolia,China,44.0935,113.9448,3/25/20,77,1
Jiangsu,China,32.9711,119.455,3/25/20,638,0
Jiangxi,China,27.614,115.7221,3/25/20,936,1
Jilin,China,43.6661,126.1923,3/25/20,94,1
Liaoning,China,41.2956,122.6085,3/25/20,127,2
Macau,China,22.1667,113.55,3/25/20,30,0
Ningxia,China,37.2692,106.1655,3/25/20,75,0
Qinghai,China,35.7452,95.9956,3/25/20,18,0
Shaanxi,China,35.1917,108.8701,3/25/20,250,3
Shandong,China,36.3427,118.1498,3/25/20,769,7
Shanghai,China,31.202,121.4491,3/25/20,433,5
Shanxi,China,37.5777,112.2922,3/25/20,134,0
Sichuan,China,30.6171,102.7103,3/25/20,547,3
Tianjin,China,39.3054,117.323,3/25/20,145,3
Tibet,China,31.6927,88.0924,3/25/20,1,0
Xinjiang,China,41.1129,85.2401,3/25/20,76,3
Yunnan,China,24.974,101.487,3/25/20,176,2
Zhejiang,China,29.1832,120.0934,3/25/20,1241,1
Anhui,China,31.8257,117.2264,3/26/20,990,6
Beijing,China,40.1824,116.4142,3/26/20,566,8
Chongqing,China,30.0572,107.874,3/26/20,578,6
Fujian,China,26.0789,117.9874,3/26/20,328,1
Gansu,China,37.8099,101.0583,3/26/20,136,2
Guangdong,China,23.3417,113.4244,3/26/20,1448,8
Guangxi,China,23.8298,108.7881,3/26/20,254,2
Guizhou,China,26.8154,106.8748,3/26/20,146,2
Hainan,China,19.1959,109.7453,3/26/20,168,6
Hebei,China,39.549,116.1306,3/26/20,319,6
Heilongjiang,China,47.862,127.7615,3/26/20,484,13
Henan,China,33.882,113.614,3/26/20,1275,22
Hong Kong,China,22.3,114.2,3/26/20,453,4
Hubei,China,30.9756,112.2707,3/26/20,67801,3169
Hunan,China,27.6104,111.7088,3/26/20,1018,4
Inner Mongolia,China,44.0935,113.9448,3/26/20,89,1
Jiangsu,China,32.9711,119.455,3/26/20,640,0
Jiangxi,China,27.614,115.7221,3/26/20,936,1
Jilin,China,43.6661,126.1923,3/26/20,95,1
Liaoning,China,41.2956,122.6085,3/26/20,128,2
Macau,China,22.1667,113.55,3/26/20,31,0
Ningxia,China,37.2692,106.1655,3/26/20,75,0
Qinghai,China,35.7452,95.9956,3/26/20,18,0
Shaanxi,China,35.1917,108.8701,3/26/20,253,3
Shandong,China,36.3427,118.1498,3/26/20,771,7
Shanghai,China,31.202,121.4491,3/26/20,451,5
Shanxi,China,37.5777,112.2922,3/26/20,135,0
Sichuan,China,30.6171,102.7103,3/26/20,547,3
Tianjin,China,39.3054,117.323,3/26/20,151,3
Tibet,China,31.6927,88.0924,3/26/20,1,0
Xinjiang,China,41.1129,85.2401,3/26/20,76,3
Yunnan,China,24.974,101.487,3/26/20,178,2
Zhejiang,China,29.1832,120.0934,3/26/20,1243,1
